0003.out;0;0.024677962;0.02562123;0.026439007;0.024360274;0.024598657;0.022996222;0.022342652;0.022344985;0.023168361;0.12454067;
0003.out;1;0.024216125;0.024103231;0.024310825;0.024158278;0.022634216;0.022775566;0.022211565;0.02306853;0.022770901;0.022278742;
0003.out;2;0.022955636;0.022720986;0.022795159;0.022846008;0.022891259;0.022191039;0.022111267;0.022084676;0.022384171;0.02242429;
0003.out;3;0.02224702;0.02290432;0.022984093;0.030828792;0.022305798;0.022456012;0.022719119;0.022102404;0.022097738;0.022259615;
0003.out;4;0.0228712;0.022334721;0.022704191;0.023094187;0.022844142;0.022420558;0.022169114;0.022615556;0.022814752;0.022752708;
0003.out;5;0.022448082;0.023047537;0.022276876;0.02266034;0.022852539;0.022801691;0.030253596;0.022622553;0.023363359;0.023124043;
0003.out;6;0.024052383;0.023066197;0.022356648;0.022619754;0.022969165;0.022378573;0.022387437;0.022110334;0.022936509;0.023061066;
0003.out;7;0.022959368;0.022967299;0.022365045;0.022442484;0.022235823;0.022549313;0.022041758;0.022355714;0.022080011;0.027441521;
0003.out;8;0.022962167;0.023034475;0.022275476;0.022713055;0.022744311;0.024323421;0.02365399;0.022156985;0.022159317;0.023285453;
0003.out;9;0.022598295;0.02263235;0.02208561;0.022988758;0.023620868;0.023202883;0.023498645;0.034148422;0.02364326;0.022920182;
0003.out;10;0.022518991;0.022850674;0.02723486;0.022351516;0.022302533;0.022808221;0.023073195;0.022463009;0.022337054;0.022401899;
0003.out;11;0.022697661;0.022213431;0.022110334;0.022347784;0.037409271;0.023208947;0.023235538;0.022884261;0.022488667;0.022176111;
0003.out;12;0.022658474;0.02242709;0.022324925;0.022523189;0.022869799;0.022200835;0.027213401;0.023861117;0.024132154;0.023061532;
0003.out;13;0.022551179;0.022567506;0.022420558;0.022314195;0.022494265;0.022230692;0.022560042;0.022227893;0.023033075;0.022614157;
0003.out;14;0.022243753;0.022369242;0.022413095;0.022548847;0.022136458;0.022125728;0.022032895;0.022545114;0.022284806;0.030149098;
0003.out;15;0.023273324;0.022559575;0.022327724;0.022854871;0.022360846;0.022702325;0.023222475;0.022763438;0.022907586;0.023157165;
0003.out;16;0.022665938;0.022602494;0.022853939;0.023311577;0.02285767;0.022603894;0.022307665;0.022705591;0.022681333;0.022780698;
0003.out;17;0.022891725;0.023135705;0.023046604;0.028469225;0.022758305;0.022857671;0.022278275;0.02248027;0.022598296;0.023674049;
0003.out;18;0.023481384;0.022749442;0.022506861;0.023002287;0.023016282;0.023253264;0.022593631;0.023246267;0.023542496;0.022818018;
0011.out;0;0.028419776;0.028890942;0.029072412;0.028309681;0.028192122;0.028960452;0.028172996;0.02805777;0.028210782;0.028398316;
0011.out;1;0.028516808;0.070643815;0.027602931;0.028012985;0.027768539;0.027777868;0.027915487;0.028098356;0.028086226;0.027955139;
0011.out;2;0.028186524;0.028608242;0.029521653;0.030319372;0.030262925;0.057774421;0.030171958;0.028804173;0.028847557;0.028607775;
0011.out;3;0.028299418;0.028207984;0.028774317;0.030124841;0.029854269;0.02975817;0.029675599;0.030030607;0.028551329;0.02902203;
0011.out;4;0.058872567;0.028553195;0.028862952;0.028502346;0.029292601;0.028724401;0.02774568;0.028031646;0.028821433;0.028754724;
0011.out;5;0.027983129;0.028495349;0.027883764;0.027779735;0.028718337;0.055955529;0.028014852;0.028109085;0.028030713;0.027629988;
0011.out;6;0.027734484;0.027700429;0.028523805;0.027990594;0.027712558;0.028381056;0.028010187;0.028404381;0.028389453;0.028910069;
0011.out;7;0.028102554;0.056113207;0.040873982;0.028375458;0.028757989;0.028628302;0.028157601;0.027625322;0.027949541;0.027413997;
0011.out;8;0.027779734;0.027644449;0.027982663;0.028028847;0.028775716;0.028215448;0.02761366;0.053576368;0.031388595;0.03068371;
0011.out;9;0.030598341;0.032124735;0.030071193;0.028207517;0.02783758;0.029891123;0.028357264;0.028458028;0.028623637;0.02775641;
0011.out;10;0.027925283;0.028223844;0.027705095;0.04208129;0.030720564;0.031211324;0.030360891;0.030091719;0.030441129;0.029570169;
0011.out;11;0.027898226;0.028386187;0.027700429;0.027929948;0.028008787;0.02791782;0.027762007;0.027323495;0.028787379;0.038026453;
0011.out;12;0.027941144;0.028326475;0.030267124;0.030583412;0.030599273;0.030299313;0.030614668;0.0309011;0.03082366;0.030831591;
0011.out;13;0.031104962;0.031147413;0.031240713;0.030847453;0.030760683;0.040260532;0.031085835;0.031030788;0.030806867;0.030687442;
0011.out;14;0.031555136;0.030677179;0.030886639;0.030498976;0.028510743;0.028015785;0.028552728;0.028603111;0.030464921;0.031177269;
0011.out;15;0.030884772;0.030962212;0.039939578;0.029757703;0.028231775;0.028089958;0.027853909;0.028300351;0.028598446;0.027674771;
0011.out;16;0.027947675;0.028437502;0.028309215;0.028291954;0.028035377;0.027664042;0.029108333;0.031942799;0.030714032;0.037893967;
0011.out;17;0.030875442;0.031282232;0.031199195;0.031153011;0.030219074;0.028322743;0.028014851;0.028034911;0.028614773;0.028545731;
0011.out;18;0.027762008;0.027492836;0.027986395;0.027717223;0.027618325;0.038476628;0.028100222;0.027546483;0.02822711;0.028100221;
0011.out;19;0.028325542;0.028099288;0.027648181;0.027651913;0.027748013;0.027607595;0.028109552;0.027854375;0.027730752;0.027998524;
0011.out;20;0.028133344;0.02803911;0.038850763;0.027618792;0.027776935;0.02852707;0.0283526;0.028873682;0.027510097;0.027615059;
0011.out;21;0.027667774;0.02812448;0.028262564;0.028049839;0.027626255;0.027449451;0.028480421;0.027942078;0.028224778;0.03911387;
0011.out;22;0.028114683;0.027923883;0.028077363;0.028745861;0.028047973;0.027934147;0.027626256;0.027684568;0.02800039;0.028582585;
0011.out;23;0.030424802;0.029572969;0.027600597;0.028054037;0.028781314;0.028616173;0.027767139;0.035657089;0.028343735;0.028836362;
0011.out;24;0.029532383;0.029296333;0.029753971;0.029727381;0.030106647;0.029764234;0.029695192;0.029386834;0.027888896;0.028327875;
0018.out;0;0.023991737;0.023487448;0.023494446;0.022964033;0.022248419;0.022818018;0.022329124;0.022588966;0.022515724;0.022703725;
0018.out;1;0.03526616;0.022241888;0.022567973;0.022379039;0.023274257;0.024234318;0.024698954;0.025218638;0.026357369;0.024709218;
0018.out;2;0.024368671;0.024691957;0.02344453;0.02282175;0.022838544;0.022649144;0.023123577;0.022619288;0.022474672;0.022535784;
0018.out;3;0.022903854;0.022637948;0.032207773;0.023493047;0.025116474;0.024298229;0.025684674;0.024994717;0.02545842;0.02549574;
0018.out;4;0.024175073;0.023817732;0.022340787;0.022583367;0.022702792;0.02253765;0.022668271;0.022650543;0.023335368;0.024134487;
0018.out;5;0.023828461;0.022894058;0.023372223;0.032072021;0.022931845;0.022361779;0.022932311;0.022857205;0.022415427;0.023395548;
0018.out;6;0.025235898;0.02437147;0.024939203;0.024399461;0.024432582;0.024784325;0.023879776;0.022632817;0.022503129;0.022707923;
0018.out;7;0.022592231;0.023504242;0.0239073;0.024365872;0.02411676;0.034717554;0.024747004;0.024816046;0.024606121;0.030638926;
0018.out;8;0.025725726;0.024582796;0.024450309;0.024363539;0.024287966;0.023043339;0.023275191;0.023616203;0.023216877;0.022555378;
0018.out;9;0.022900123;0.02284181;0.022788628;0.023282187;0.023705771;0.024983988;0.024536145;0.025397775;0.035245168;0.024754935;
0018.out;10;0.025690272;0.02718821;0.024490895;0.024508622;0.024044918;0.023175359;0.022610424;0.023412808;0.02266034;0.022534851;
0018.out;11;0.022836211;0.022638415;0.022902455;0.023136639;0.022659407;0.023189353;0.02437007;0.024479232;0.02507029;0.024113495;
0018.out;12;0.037121906;0.024437713;0.02352197;0.022538117;0.023198684;0.022943974;0.023223408;0.02336849;0.022674802;0.022665939;
0018.out;13;0.022974296;0.022430355;0.023173026;0.022472807;0.023347965;0.023173959;0.022538117;0.022579169;0.022692996;0.02276577;
0018.out;14;0.022532519;0.022366444;0.022608092;0.034425058;0.022378106;0.022877264;0.022800758;0.022396766;0.022785363;0.022889393;
0028.out;0;0.031224386;0.050666795;0.034903222;0.034508561;0.031073706;0.029268809;0.028987508;0.029184372;0.028731399;0.028434703;
0028.out;1;0.029242685;0.028673086;0.029544512;0.031424516;0.031801449;0.031240714;0.031614849;0.031584526;0.031100763;0.039444619;
0028.out;2;0.029024362;0.029121861;0.029823946;0.029591629;0.029943838;0.031593856;0.031372734;0.032840816;0.032816558;0.030791472;
0028.out;3;0.028805106;0.028609642;0.029623817;0.028370793;0.029396165;0.029192303;0.029363509;0.028547597;0.040311847;0.029097603;
0028.out;4;0.028634833;0.029492731;0.031183334;0.031260773;0.032039365;0.030471451;0.030591343;0.030896435;0.030834857;0.031017725;
0028.out;5;0.031500088;0.030539561;0.02985427;0.029353246;0.028546197;0.028419309;0.028467826;0.039317265;0.03093842;0.03077841;
0028.out;6;0.03123978;0.030206479;0.029440016;0.028483686;0.02839785;0.028215914;0.028694545;0.02857792;0.028584917;0.028971648;
0028.out;7;0.029594428;0.029132591;0.028381056;0.028616173;0.02805917;0.041920813;0.028494415;0.028245304;0.028136609;0.028581186;
0028.out;8;0.029119529;0.028670754;0.028817702;0.028608242;0.028392251;0.029021097;0.028530803;0.028768252;0.028322743;0.028811637;
0028.out;9;0.02850048;0.02862317;0.028460361;0.028733265;0.041770133;0.028602178;0.028451964;0.028294286;0.028870883;0.028994972;
0036.out;0;0.077002706;0.076485354;0.076228778;0.155177264;0.07772765;0.076010922;0.18178981;0.078038807;0.076833831;0.159495674;
0036.out;1;0.077597495;0.160555567;0.077088542;0.076909405;0.180315197;0.077825615;0.155739865;0.077290537;0.076161136;0.163188971;
0036.out;2;0.078536565;0.078535632;0.138056636;0.079679494;0.094553447;0.078101318;0.078173159;0.09966771;0.077729982;0.077903054;
0036.out;3;0.090596576;0.077938042;0.10353408;0.07685669;0.096744608;0.09840349;0.07648862;0.090764985;0.077062884;0.077976761;
0036.out;4;0.099879502;0.077291937;0.078224474;0.099855711;0.076941127;0.079164009;0.097339865;0.078417606;0.097450892;0.085111445;
0036.out;5;0.084701856;0.099040265;0.079329618;0.082813455;0.104162458;0.079926274;0.078231005;0.08186319;0.092137433;0.081652799;
0036.out;6;0.083622836;0.105173368;0.078730162;0.078408276;0.104848216;0.08298093;0.083506677;0.081953692;0.10018786;0.081233413;
0036.out;7;0.081535706;0.114085424;0.085818196;0.088276195;0.083776316;0.109931223;0.079508288;0.078310777;0.094673806;0.07780089;
0036.out;8;0.078784744;0.077257415;0.135864543;0.080137599;0.079619316;0.080300875;0.105364634;0.078348564;0.079676695;0.077744443;
0036.out;9;0.114619104;0.086962059;0.076795112;0.080195446;0.079871693;0.096215594;0.082633852;0.079902015;0.080253292;0.098864394;
0036.out;10;0.082008273;0.078383552;0.077201435;0.096183406;0.080038701;0.079080972;0.080547188;0.079267107;0.10309137;0.080214106;
0036.out;11;0.081725107;0.079879624;0.080985234;0.102913165;0.081206822;0.079959863;0.077569039;0.07706615;0.098728176;0.07923865;
0036.out;12;0.077107668;0.082605862;0.079371603;0.09977454;0.088745497;0.082512095;0.080753848;0.078726431;0.098060144;0.077030695;
0036.out;13;0.076941127;0.078113913;0.082155688;0.10072667;0.079113161;0.076417245;0.077096472;0.076492352;0.098211758;0.080117073;
0036.out;14;0.078679314;0.081134514;0.080349392;0.07775424;0.102718634;0.078160563;0.098895649;0.095942691;0.083019183;0.096124161;
0036.out;15;0.081592153;0.082433723;0.081425146;0.082268115;0.082700096;0.108515856;0.082847044;0.089921082;0.093401654;0.086277234;
0036.out;16;0.086475498;0.112647199;0.082002675;0.083117148;0.082493901;0.081037482;0.081155041;0.106524825;0.08453998;0.082880632;
0036.out;17;0.082231261;0.08294081;0.082172482;0.10211638;0.07698871;0.077930578;0.082137028;0.083153535;0.081374296;0.103325087;
0036.out;18;0.077371242;0.076438238;0.079832041;0.076626704;0.076987777;0.095983743;0.078008484;0.078060265;0.077088542;0.077493465;
0036.out;19;0.077652542;0.080739854;0.107434504;0.085470186;0.09173111;0.087268085;0.08710061;0.084448079;0.102662188;0.092780273;
0036.out;20;0.085042403;0.091035089;0.088419878;0.085009281;0.080613898;0.10422497;0.076889812;0.078732495;0.083803839;0.081789483;
0036.out;21;0.077281674;0.077294735;0.097446228;0.084415891;0.084364109;0.079036188;0.07706335;0.076448501;0.106082581;0.078840723;
0043.out;0;0.036027026;0.050427013;0.03522884;0.035109416;0.034118099;0.034422258;0.034600462;0.034554745;0.034196937;0.035567988;
0043.out;1;0.037513301;0.034413861;0.034532352;0.0349648;0.034968998;0.034496432;0.050707847;0.034102238;0.034186208;0.034606527;
0043.out;2;0.034560809;0.034727351;0.03521951;0.034949872;0.036389964;0.036902184;0.037201211;0.036948367;0.036781826;0.037019275;
0043.out;3;0.035489149;0.050443341;0.035150934;0.035481218;0.034478238;0.035353396;0.03663721;0.037621063;0.036552773;0.036814948;
0043.out;4;0.037018809;0.036815414;0.03693064;0.036674531;0.036956764;0.036427284;0.05472303;0.03720541;0.037022541;0.036401627;
0043.out;5;0.0362878;0.03635451;0.036490728;0.036685726;0.039076549;0.042405976;0.040926231;0.038257838;0.039093811;0.037767545;
0043.out;6;0.037367286;0.058770403;0.037571614;0.037540358;0.037137301;0.037269321;0.037231067;0.037124238;0.037129836;0.035973844;
0043.out;7;0.037161558;0.035937457;0.03645854;0.037378482;0.036771096;0.036146916;0.05223191;0.035656156;0.035967313;0.034777732;
0043.out;8;0.035638896;0.034925147;0.035422905;0.036464604;0.03747878;0.038125819;0.037338363;0.037013677;0.037811396;0.036809816;
0051.out;0;0.029126993;0.028875082;0.028311547;0.029148918;0.083703075;0.030296514;0.029224491;0.028428173;0.028664689;0.028277026;
0051.out;1;0.029346249;0.028724868;0.029156382;0.03017149;0.031242579;0.03113715;0.030962212;0.029976493;0.02862317;0.066170526;
0051.out;2;0.028980511;0.029738111;0.030176622;0.029156382;0.029712919;0.030274121;0.030765814;0.030516235;0.028562525;0.032394373;
0051.out;3;0.02937004;0.033615209;0.030886172;0.028842893;0.064423009;0.029302864;0.029485266;0.02892453;0.028610575;0.028401582;
0051.out;4;0.028658624;0.030586212;0.031103096;0.030606271;0.030453258;0.030627263;0.030330101;0.030255461;0.064194423;0.030130905;
0051.out;5;0.029799689;0.029845406;0.02915405;0.028933394;0.02961542;0.030689775;0.031004664;0.030323104;0.030758351;0.030399144;
0051.out;6;0.030473318;0.029495063;0.030077724;0.068330897;0.03076768;0.029757704;0.030470053;0.030056265;0.030105247;0.029233355;
0051.out;7;0.029718518;0.030233536;0.030654321;0.030644524;0.030211143;0.030426668;0.030471452;0.030593675;0.070715656;0.031324684;
0051.out;8;0.030665517;0.030055799;0.030327303;0.03040754;0.030184086;0.030742955;0.031203393;0.030520434;0.030865646;0.030794738;
0051.out;9;0.031128287;0.029745108;0.029629882;0.06524965;0.031396526;0.029902785;0.028721136;0.028416044;0.030321238;0.030517635;
0051.out;10;0.030700971;0.030069793;0.029764235;0.028842427;0.028515875;0.028856421;0.028353532;0.028974913;0.030249863;0.066044571;
0051.out;11;0.031244446;0.031227185;0.030622132;0.03074762;0.030456991;0.035625834;0.031255175;0.030517636;0.031163741;0.031211791;
0051.out;12;0.030670182;0.03177066;0.030827392;0.030801269;0.06968562;0.030725696;0.0304304;0.030074459;0.031136684;0.030774211;
0051.out;13;0.030422469;0.030394945;0.030004017;0.030394945;0.030396345;0.03091043;0.031329349;0.031062977;0.030157962;0.040396751;
0051.out;14;0.078461924;0.030708435;0.030359491;0.043680459;0.033332509;0.03480339;0.0309958;0.04581424;0.031488892;0.034463777;
0051.out;15;0.031875623;0.031291096;0.031186133;0.030924892;0.030910896;0.030763482;0.066882874;0.030935622;0.031131086;0.031139016;
0051.out;16;0.031106361;0.031634442;0.031526679;0.031119423;0.032134065;0.030879174;0.030526499;0.030425734;0.029850071;0.030010082;
0051.out;17;0.028258832;0.029044888;0.062265437;0.03070377;0.030177089;0.02889934;0.028826099;0.02935138;0.030580146;0.030463988;
0051.out;18;0.030222339;0.030254995;0.029192303;0.029018764;0.030273655;0.030748088;0.030417338;0.033755626;0.082099707;0.03079707;
0051.out;19;0.030872644;0.032173251;0.032322999;0.030798936;0.034817852;0.03356856;0.036158579;0.030755551;0.031211324;0.033092727;
0051.out;20;0.03176413;0.030917895;0.029105067;0.029123261;0.061843252;0.028773384;0.028542466;0.029325722;0.029264145;0.028990307;
0051.out;21;0.029119995;0.028778516;0.02867122;0.029231022;0.028737463;0.028908203;0.029077544;0.028163666;0.028100687;0.028686148;
0051.out;22;0.065226326;0.028170197;0.028876481;0.028306881;0.032575843;0.028583051;0.029076611;0.0283498;0.028750059;0.028400182;
0051.out;23;0.028734665;0.02893526;0.02845383;0.028294287;0.029280939;0.028528937;0.028086226;0.064064269;0.028924997;0.028684749;
0051.out;24;0.028360063;0.028276559;0.028402048;0.028884411;0.02840718;0.028541533;0.029008501;0.02811515;0.028135209;0.028454763;
0051.out;25;0.028613374;0.029357911;0.028890476;0.038751397;0.028242038;0.028885344;0.028081094;0.030068394;0.028806972;0.028218247;
0051.out;26;0.028998238;0.028241105;0.028458495;0.028646962;0.028169264;0.028280291;0.028457096;0.028235507;0.028180926;0.035317009;
0051.out;27;0.028884412;0.028399249;0.028248103;0.028151537;0.028276559;0.028349333;0.029071012;0.029016432;0.028138474;0.029085008;
0051.out;28;0.02871787;0.028147805;0.028287289;0.028735131;0.030219074;0.034859371;0.028382455;0.02830175;0.028101155;0.028520074;
0051.out;29;0.028277026;0.029291201;0.0295809;0.02945541;0.029018298;0.028829364;0.028430038;0.028258366;0.028725801;0.028466426;
0059.out;0;0.03610773;0.119968949;0.037162025;0.036925042;0.036539711;0.036606421;0.036556972;0.036358242;0.037282382;0.036536912;
0059.out;1;0.037204477;0.12236957;0.037414403;0.036425418;0.036945102;0.037030938;0.036752903;0.036582163;0.036588694;0.122974623;
0059.out;2;0.038282097;0.036502391;0.037612666;0.036807483;0.03634518;0.036599423;0.036592892;0.037009013;0.127229122;0.037465717;
0059.out;3;0.037517033;0.036394629;0.037449391;0.039248223;0.036479999;0.116705301;0.038812976;0.039533255;0.037171355;0.037747952;
0059.out;4;0.03727072;0.036612485;0.124508482;0.037869242;0.038259705;0.039891528;0.036605488;0.037049131;0.036166976;0.118139795;
0059.out;5;0.038137481;0.037067325;0.03649586;0.036368038;0.037054729;0.252017505;0.039632154;0.039243557;0.036871394;0.036572366;
0059.out;6;0.036548575;0.037175087;0.049693205;0.036158113;0.036017696;0.036981489;0.037131236;0.0360051;0.036262142;0.045440105;
0059.out;7;0.037709232;0.037992865;0.036278003;0.037286581;0.037296844;0.044127835;0.03636244;0.036253279;0.036365239;0.036946034;
0059.out;8;0.037230135;0.037276785;0.051852176;0.03702534;0.036365706;0.036809816;0.036867662;0.036440347;0.036953032;0.04685454;
0059.out;9;0.037037469;0.036175373;0.036462272;0.037112575;0.036680594;0.036085338;0.04786545;0.036884923;0.036150182;0.036481399;
0059.out;10;0.036238351;0.036614351;0.036926908;0.05317471;0.037062193;0.037287047;0.037147563;0.036135254;0.037032804;0.037598671;
0059.out;11;0.044215537;0.036923176;0.036501458;0.036384833;0.036305994;0.036762233;0.036399294;0.036117994;0.048846037;0.040934628;
0059.out;12;0.037493242;0.036641408;0.036532713;0.036958164;0.036632545;0.036434749;0.048703287;0.036641875;0.036466004;0.036357775;
0059.out;13;0.036398827;0.036341914;0.036674531;0.036499592;0.049502406;0.037028139;0.036497726;0.03649586;0.036591026;0.037435395;
0059.out;14;0.036257944;0.036434748;0.036092336;0.04450057;0.036668933;0.036626947;0.035957983;0.036473934;0.036640476;0.036586362;
0059.out;15;0.037155494;0.049656351;0.036579364;0.036196832;0.036226688;0.03623042;0.036654004;0.037279584;0.036903583;0.036351245;
0059.out;16;0.049229969;0.037499306;0.036218758;0.036197765;0.03721334;0.036688526;0.036368972;0.036772962;0.036660069;0.049066692;
0059.out;17;0.036799086;0.037298243;0.037409738;0.036049418;0.037304309;0.036803752;0.036092336;0.036118926;0.046850808;0.03724133;
0059.out;18;0.037401807;0.037541758;0.03622249;0.03620383;0.036487929;0.036941369;0.037567415;0.03653458;0.047804804;0.0371373;
0059.out;19;0.036330718;0.037055196;0.037110709;0.037189549;0.036601756;0.036077407;0.037474582;0.040212016;0.046064751;0.037086452;
0067.out;0;0.094101874;0.1936301;0.092693037;0.092067924;0.157832127;0.09452779;0.091374702;0.093125485;0.174424208;0.091691458;
0067.out;1;0.093185197;0.157439333;0.092942616;0.09463975;0.178744018;0.093708613;0.151640245;0.096470772;0.092723826;0.161239925;
0067.out;2;0.095252735;0.091730177;0.170918444;0.093352671;0.125234826;0.093602717;0.091885056;0.11772694;0.092820859;0.106164219;
0067.out;3;0.091280003;0.091910246;0.116381548;0.091911646;0.091283268;0.11993816;0.09115638;0.092090784;0.116172555;0.091472668;
0067.out;4;0.094552982;0.107466226;0.092772809;0.092897832;0.093979183;0.115525051;0.09192191;0.092001215;0.122367703;0.094580505;
0075.out;0;0.03682801;0.036605488;0.036875126;0.060797355;0.037674711;0.037662116;0.036812615;0.036906848;0.037343028;0.069747198;
0075.out;1;0.036982422;0.037449857;0.037100447;0.03707059;0.037454055;0.04498993;0.036371771;0.036618084;0.036662868;0.03745872;
0075.out;2;0.05022455;0.037506303;0.03651312;0.03624115;0.036507989;0.037329033;0.045977049;0.037397142;0.03708272;0.036867196;
0075.out;3;0.036548575;0.036620416;0.036527116;0.045133146;0.037244596;0.036828476;0.037225469;0.037189082;0.036489796;0.049512669;
0075.out;4;0.037010412;0.036659135;0.036274272;0.03651592;0.037126104;0.036971226;0.048662235;0.037447524;0.037955546;0.037342095;
0075.out;5;0.036952565;0.036621349;0.036860665;0.04693711;0.037296378;0.036742173;0.036667066;0.036586828;0.037004347;0.036414222;
0075.out;6;0.05110764;0.036426351;0.039218833;0.043707516;0.037789937;0.039376044;0.037011811;0.036990819;0.046736514;0.037145697;
0075.out;7;0.037315038;0.037324834;0.03677996;0.03815101;0.036516853;0.046521924;0.036572367;0.036825677;0.037174621;0.037212407;
0075.out;8;0.037006213;0.037110709;0.0369493;0.046061952;0.036939037;0.039030833;0.037355157;0.037026739;0.03741347;0.03739341;
0075.out;9;0.036999682;0.046177645;0.037517966;0.036894719;0.036590094;0.036698322;0.03659056;0.036648406;0.036935772;0.037738155;
0075.out;10;0.048387932;0.036727711;0.036605488;0.036496793;0.036709518;0.03661995;0.036999682;0.036372704;0.046118865;0.036757568;
0075.out;11;0.036554172;0.036650739;0.036649806;0.036642342;0.036451542;0.036726312;0.036631612;0.049842019;0.036742173;0.037765678;
0075.out;12;0.037486711;0.03618377;0.036190301;0.036426351;0.036881191;0.036521517;0.050406487;0.037225002;0.036803285;0.036663334;
0075.out;13;0.036344714;0.036965161;0.036866729;0.036843404;0.036515453;0.045240909;0.036544376;0.039428293;0.038137948;0.036848069;
0075.out;14;0.037912627;0.037024874;0.03650519;0.036937171;0.037471316;0.047144238;0.036885856;0.036417021;0.036895652;0.03690265;
0075.out;15;0.036907315;0.036405358;0.036634411;0.036716982;0.045875352;0.037008546;0.037143365;0.036468803;0.036619017;0.036707652;
0075.out;16;0.036669865;0.036344713;0.036890987;0.038801313;0.049947915;0.036591959;0.036963295;0.036631146;0.036244882;0.036535512;
0075.out;17;0.037116308;0.036352178;0.036917578;0.03775355;0.050362169;0.036461806;0.036783225;0.036347046;0.036763632;0.037609868;
0075.out;18;0.036870927;0.037012744;0.037199345;0.036876526;0.045566994;0.036840138;0.036857866;0.036702054;0.036397895;0.036923176;
0075.out;19;0.036633012;0.037027673;0.036500525;0.03724273;0.036773429;0.049355923;0.036427285;0.036886789;0.036933905;0.037044467;
0075.out;20;0.036983822;0.036684794;0.036512654;0.037250661;0.038817641;0.0367599;0.045052909;0.036669865;0.03729871;0.037410671;
0075.out;21;0.036392763;0.036506124;0.03689192;0.039192709;0.038358136;0.036822412;0.037125638;0.044333562;0.03678929;0.03830029;
0075.out;22;0.037789004;0.03766818;0.036904982;0.036728644;0.036319522;0.036470202;0.037057529;0.036418421;0.045174198;0.036808417;
0075.out;23;0.036969826;0.036278004;0.036574233;0.036555105;0.036768297;0.036644208;0.036552307;0.036864863;0.036679662;0.048927675;
0075.out;24;0.040451331;0.038062374;0.037047732;0.037046799;0.036730977;0.036789757;0.037511436;0.036512654;0.03691198;0.037141499;
0075.out;25;0.046047491;0.036776228;0.037595406;0.036930174;0.037463852;0.037197013;0.037109777;0.036291532;0.036479066;0.036653072;
0075.out;26;0.036654937;0.036939504;0.049255626;0.036850401;0.036937171;0.036575165;0.037567882;0.036760833;0.036551841;0.036981955;
0075.out;27;0.036614818;0.036342381;0.036657269;0.036763632;0.049031704;0.037214273;0.037067325;0.03669459;0.03736402;0.037446124;
0092.out;0;0.075985731;0.107258166;0.076046842;0.075455317;0.077071281;0.107880014;0.079211592;0.076377126;0.077835412;0.112867388;
0092.out;1;0.078565954;0.077133326;0.076462962;0.075936748;0.100351603;0.076115418;0.075556082;0.075667109;0.111831286;0.07606177;
0092.out;2;0.080403506;0.077377773;0.077965565;0.105923038;0.075859775;0.075720757;0.07596054;0.077222894;0.102891707;0.075733353;
0092.out;3;0.077074547;0.076504481;0.07591249;0.102089323;0.076272629;0.076428441;0.076510545;0.076247439;0.105110391;0.076414446;
0092.out;4;0.075349889;0.07887058;0.076795579;0.110178004;0.079978989;0.077277941;0.077017167;0.077101604;0.076483022;0.100883881;
0092.out;5;0.075212737;0.081850595;0.077216363;0.075538355;0.107403715;0.075502901;0.075605532;0.076771786;0.077739312;0.076624372;
0092.out;6;0.100723405;0.076132679;0.07555095;0.076868819;0.07684736;0.100248506;0.076094425;0.075804728;0.07551363;0.076481622;
0092.out;7;0.076554397;0.109136304;0.076852025;0.076402317;0.076503548;0.077165981;0.077289137;0.109467054;0.076654228;0.075125967;
0092.out;8;0.079156546;0.077634816;0.076208252;0.096026662;0.077897456;0.076473225;0.07675266;0.077409029;0.080452489;0.091799685;
0092.out;9;0.075984798;0.075207606;0.075618593;0.076981713;0.076065036;0.091812281;0.077059152;0.077030695;0.075856509;0.077393168;
0092.out;10;0.091222623;0.076358466;0.075787934;0.076246972;0.076382257;0.076598248;0.092074922;0.077164115;0.075830385;0.0763552;
0092.out;11;0.076394853;0.077096472;0.094148524;0.075631655;0.076544601;0.078001953;0.075855576;0.078404078;0.09463462;0.076093959;
0092.out;12;0.077738845;0.077832613;0.076022117;0.076950457;0.093826172;0.075928351;0.087453286;0.082105772;0.082807391;0.075638186;
0092.out;13;0.093601317;0.077009702;0.076592184;0.077317128;0.075876103;0.076305752;0.091743706;0.075897562;0.076224113;0.075898961;
0092.out;14;0.07711;0.076963986;0.075829452;0.091105531;0.0770167;0.075891964;0.075869105;0.07670461;0.076299687;0.095601212;
0092.out;15;0.074999545;0.075982465;0.075641918;0.076423776;0.080097947;0.100436506;0.075836917;0.077715054;0.078190886;0.076392521;
0100.out;0;0.081984482;0.077307798;0.077535917;0.077989823;0.106103107;0.078048136;0.077556909;0.077589098;0.078034141;0.078417606;
0100.out;1;0.105833002;0.077267212;0.077667937;0.077717853;0.077825149;0.078801071;0.106028467;0.079609053;0.07998412;0.079705152;
0100.out;2;0.079522283;0.078316375;0.097818496;0.077418826;0.077669337;0.077727183;0.082192075;0.077856404;0.096033659;0.079500824;
0110.out;0;0.06689687;0.06549643;0.064492984;0.064806474;0.064221014;0.133781611;0.064548499;0.064755626;0.064606811;0.064343238;
0110.out;1;0.150948422;0.070237958;0.065836511;0.064256468;0.06478968;0.066225107;0.125908921;0.065612123;0.064426275;0.064784549;
0110.out;2;0.064587218;0.145213246;0.067747303;0.064310582;0.066149067;0.064671188;0.135329932;0.067216423;0.065860768;0.064510712;
0110.out;3;0.064333441;0.065353681;0.132915316;0.06505372;0.064110452;0.064986544;0.065398931;0.133973809;0.06866398;0.064967417;
0110.out;4;0.064083862;0.065003805;0.06490304;0.084373906;0.06393878;0.064405749;0.064409014;0.064824201;0.065752541;0.077780831;
0110.out;5;0.065186206;0.0641641;0.064139376;0.064239674;0.08810219;0.064380558;0.064181827;0.06406147;0.064635267;0.064185093;
0110.out;6;0.086008062;0.0666221;0.066009116;0.064855456;0.064994475;0.065758605;0.080701601;0.06493103;0.065948471;0.065169879;
0110.out;7;0.065498764;0.065184341;0.077929178;0.064282126;0.064271863;0.064573223;0.066017513;0.080236031;0.064729034;0.065038792;
0110.out;8;0.065036926;0.064879248;0.06379603;0.079907147;0.064214483;0.064768221;0.064210284;0.064138443;0.063740516;0.078576217;
0110.out;9;0.065548212;0.064970683;0.064168766;0.064747695;0.064600747;0.064196755;0.080348925;0.066197117;0.065154018;0.06382542;
0110.out;10;0.064265332;0.063924785;0.083976446;0.064595615;0.080111475;0.064951089;0.067017227;0.065203468;0.089317428;0.063914988;
0110.out;11;0.065077045;0.064380558;0.06788119;0.064942693;0.064211217;0.081067805;0.064185093;0.064374493;0.065695627;0.064530772;
0125.out;0;0.564978847;0.263653467;0.274172157;0.286057231;0.273839541;0.284965616;0.272352332;0.227678223;0.223768936;0.191190295;
0125.out;1;0.235013969;0.230828045;0.274501041;0.281366086;0.271636718;0.286325936;0.276402504;0.270641669;0.294304989;0.242452346;
0125.out;2;0.246682587;0.210805775;0.254112566;0.279823364;0.285923812;0.292057382;0.196465034;0.237057715;0.273981357;0.281756548;
0125.out;3;0.284707174;0.21982466;0.260199952;0.298287984;0.204122199;0.264758611;0.269982502;0.244226453;0.206848438;0.280256277;
0125.out;4;0.245687071;0.203309087;0.277370029;0.245214038;0.211328258;0.270680855;0.210062171;0.255740191;0.277077066;0.214467817;
0125.out;5;0.259637818;0.245717861;0.204589634;0.26287161;0.198235409;0.25464951;0.238105946;0.20824048;0.272892542;0.208445741;
0125.out;6;0.270321182;0.19520781;0.263215888;0.274729161;0.221339393;0.280559504;0.204746846;0.270443872;0.203972919;0.261620451;
0125.out;7;0.200839424;0.269020107;0.207837889;0.305669913;0.231857149;0.286130006;0.246094794;0.207600439;0.226360822;0.19689095;
0125.out;8;0.24870394;0.211148188;0.271659577;0.211368843;0.295745081;0.204063886;0.265217649;0.208795151;0.235519658;0.205931761;
0125.out;9;0.273250815;0.211903921;0.281292379;0.210558063;0.32918162;0.242923979;0.321147521;0.215434409;0.27926636;0.207515069;
0125.out;10;0.270378562;0.206374471;0.26011878;0.197062623;0.25759034;0.194415689;0.254239921;0.203349205;0.291090322;0.208033353;
0125.out;11;0.30113458;0.236125177;0.273159848;0.202795934;0.275362204;0.20242973;0.270449937;0.206073577;0.288894497;0.232981887;
0125.out;12;0.301169567;0.237823712;0.223944807;0.275914543;0.228455416;0.30876982;0.211618888;0.306392058;0.227233647;0.337581457;
0125.out;13;0.226591273;0.285468505;0.212612071;0.307295207;0.245658148;0.279567254;0.221043164;0.239327248;0.22540076;0.209623192;
0125.out;14;0.25120999;0.203388391;0.26700855;0.209588672;0.284988942;0.232003631;0.285857569;0.218601025;0.292007466;0.219514903;
0125.out;15;0.266267279;0.214611033;0.257973338;0.225378369;0.215718043;0.25907988;0.219116044;0.27339683;0.202602802;0.279679681;
0125.out;16;0.212125976;0.278248453;0.215861725;0.286930989;0.229911836;0.286127206;0.213609919;0.248501478;0.252526458;0.261363875;
0125.out;17;0.253394153;0.20574656;0.281318503;0.209977268;0.270942096;0.205487651;0.271147358;0.211096872;0.300958708;0.20672668;
0125.out;18;0.279797706;0.235999688;0.305997864;0.22082624;0.272624303;0.23593811;0.256195032;0.223234324;0.20887539;0.268815779;
0125.out;19;0.202757214;0.272793644;0.20395799;0.294115589;0.215708712;0.286363257;0.2219827;0.278607192;0.216089844;0.303675151;
0125.out;20;0.213915012;0.261305096;0.232135651;0.263541507;0.21899242;0.214501871;0.281768211;0.207076557;0.273665536;0.209088114;
0125.out;21;0.268922609;0.208949097;0.296936527;0.213358474;0.277760958;0.215230548;0.305909695;0.227406719;0.271749145;0.228831883;
0125.out;22;0.253129179;0.221419164;0.215861259;0.268398727;0.209946011;0.28069339;0.216928616;0.277773087;0.228193242;0.295025268;
0125.out;23;0.220597654;0.281109976;0.215228682;0.274085387;0.203458833;0.240325096;0.21138657;0.247190141;0.226500772;0.231309943;
0125.out;24;0.268858232;0.219426734;0.261329821;0.210194191;0.273081008;0.220247778;0.26307967;0.198701445;0.268457039;0.202907894;
0125.out;25;0.265812439;0.196890017;0.263481328;0.202509501;0.236117247;0.199637248;0.234637035;0.196928736;0.226730291;0.208649136;
0125.out;26;0.195944884;0.245458486;0.198011488;0.24198491;0.192402733;0.257021207;0.195287582;0.261079309;0.19401963;0.281663715;
0125.out;27;0.263574628;0.291877312;0.227588655;0.302655843;0.209778071;0.243639127;0.204256552;0.241844959;0.212628399;0.198286257;
0132.out;0;0.03749604;0.036574232;0.034548214;0.034619122;0.033749562;0.031856497;0.030875443;0.031217855;0.030627263;0.031566332;
0132.out;1;0.03245875;0.202496905;0.037472249;0.036950233;0.036386698;0.036897984;0.035290419;0.035787243;0.033477125;0.031892418;
0132.out;2;0.177735441;0.036078807;0.032990096;0.032531525;0.032610364;0.032708329;0.03198805;0.031877956;0.031485628;0.160109124;
0132.out;3;0.033393621;0.031034053;0.030431333;0.032875337;0.032019772;0.030772346;0.160461333;0.035940722;0.032749848;0.031731941;
0132.out;4;0.030142567;0.030132305;0.03192134;0.031775792;0.14700228;0.036349378;0.033642733;0.032163454;0.03069444;0.030052066;
0132.out;5;0.03063706;0.14352684;0.038629174;0.035066498;0.032531058;0.031124554;0.030885239;0.030841855;0.030937954;0.158115761;
0132.out;6;0.035501277;0.032525927;0.030877775;0.030366489;0.03047565;0.029647143;0.133687844;0.036047085;0.032936449;0.030886172;
0132.out;7;0.029709187;0.029966697;0.03002221;0.159382781;0.034629851;0.032281947;0.031197795;0.033061472;0.031775792;0.030355293;
0132.out;8;0.140923758;0.0360984;0.041347016;0.032632289;0.03147863;0.030930489;0.030879641;0.238940051;0.036100267;0.033491586;
0132.out;9;0.03236405;0.032773173;0.032387843;0.031725409;0.038757463;0.03077048;0.031633508;0.030790539;0.030540494;0.029649475;
0132.out;10;0.031880755;0.032101877;0.039510397;0.031884486;0.031602253;0.029954101;0.031051313;0.031309756;0.031282699;0.040519441;
0132.out;11;0.030613735;0.03044626;0.030167292;0.029900453;0.030710768;0.031101696;0.040212949;0.029428353;0.030551224;0.03007959;
0132.out;12;0.031388595;0.031338679;0.031190798;0.039857941;0.031534144;0.031604119;0.030791472;0.030752286;0.031002798;0.031275235;
0132.out;13;0.040693446;0.030480315;0.031311623;0.030269456;0.030673448;0.030125773;0.029900453;0.035540931;0.030220473;0.030119709;
0132.out;14;0.029737177;0.028999637;0.030137903;0.030232603;0.029065881;0.036111929;0.028799508;0.029798289;0.029400363;0.029995153;
0132.out;15;0.030818996;0.031706283;0.037823059;0.029962498;0.029891123;0.029516055;0.028320411;0.031062044;0.030763482;0.039768838;
0132.out;16;0.029649008;0.031964258;0.031128753;0.031668496;0.032147127;0.032197043;0.046658142;0.033255536;0.033824203;0.035019381;
0132.out;17;0.032959308;0.034372342;0.039651281;0.044463249;0.033596549;0.037351892;0.035155133;0.032102343;0.03330032;0.034855173;
0132.out;18;0.032347257;0.042253896;0.030667382;0.032207773;0.032206373;0.031328416;0.030678579;0.031413786;0.040269396;0.031314888;
0132.out;19;0.031009795;0.031003265;0.029872929;0.029580433;0.029350914;0.029062149;0.036988953;0.029981158;0.029558041;0.028734664;
0132.out;20;0.030426201;0.032958841;0.032434026;0.043335248;0.031092832;0.031934869;0.030727562;0.031246312;0.032167187;0.032707863;
0132.out;21;0.038762128;0.03124118;0.029608889;0.028743528;0.031547672;0.030938421;0.032288478;0.03334837;0.041207998;0.029677466;
0132.out;22;0.031188465;0.030742489;0.030553556;0.03078914;0.031765995;0.03108257;0.03807357;0.032653749;0.030855849;0.030633328;
0159.out;0;0.158413389;0.226079055;0.193750458;0.153914909;0.211922115;0.154803595;0.192502098;0.199129694;0.143368229;0.214614299;
0159.out;1;0.165057313;0.142257488;0.183001316;0.139476669;0.173827552;0.183309208;0.145142337;0.200547393;0.147604069;0.204034031;
0159.out;2;0.197637353;0.15939211;0.21677187;0.187930844;0.156639748;0.187900988;0.153039285;0.217230442;0.204088144;0.155056906;
0159.out;3;0.227750531;0.152244831;0.194969894;0.135073355;0.178796266;0.175874563;0.154884767;0.212034542;0.151319758;0.228589302;
0159.out;4;0.159348259;0.224580183;0.148636904;0.225360175;0.146917844;0.212366691;0.160026553;0.209347956;0.163484733;0.209101176;
0159.out;5;0.166950378;0.188172491;0.148647167;0.141663164;0.171206276;0.144381472;0.185439256;0.147102112;0.193245236;0.144132827;
0159.out;6;0.179694749;0.149399635;0.135611232;0.19162554;0.14841065;0.210683552;0.144848441;0.136229813;0.175720151;0.130825854;
0159.out;7;0.180068884;0.132350849;0.136803145;0.1901346;0.14877079;0.191105857;0.139238752;0.148545003;0.208832472;0.143048676;
0159.out;8;0.188259728;0.139011566;0.133824529;0.180523257;0.136331511;0.140335033;0.175041857;0.135593039;0.167836732;0.146109862;
0159.out;9;0.146888454;0.19084415;0.167255936;0.134392262;0.182379002;0.135965307;0.133476985;0.170566703;0.136923969;0.140903698;
0159.out;10;0.17904911;0.137805658;0.136085198;0.172796115;0.137018202;0.137417528;0.176410108;0.137323294;0.18462661;0.152548525;
0159.out;11;0.143716706;0.138677084;0.233229132;0.15099274;0.137114768;0.178884435;0.137403533;0.144253184;0.210876217;0.144647378;
0159.out;12;0.143301053;0.198227013;0.144032528;0.134372202;0.186099356;0.141711214;0.139800888;0.188082457;0.135922856;0.137799594;
0159.out;13;0.169739593;0.143755426;0.138471356;0.130994728;0.173055491;0.140187151;0.140634994;0.187382237;0.139855002;0.138830096;
0159.out;14;0.161584204;0.132689996;0.13383106;0.139103;0.207843954;0.155697413;0.138061301;0.197008975;0.150023348;0.149834415;
0159.out;15;0.148578125;0.193675351;0.162256434;0.154049262;0.227627841;0.157352563;0.141394926;0.140166159;0.199792593;0.138362661;
0159.out;16;0.136485458;0.193078228;0.139561572;0.138441967;0.134586794;0.176510872;0.142642352;0.140648056;0.154283912;0.219024143;
0159.out;17;0.142884933;0.130536622;0.202014076;0.14413096;0.147204743;0.137466045;0.192168082;0.14328939;0.186694613;0.183714597;
0159.out;18;0.203295091;0.159085618;0.155151606;0.24954691;0.203759727;0.186567725;0.180213965;0.2162158;0.155702545;0.152402509;
0159.out;19;0.18391706;0.158878025;0.152222906;0.148236179;0.202481511;0.144576936;0.141742936;0.135156392;0.200653289;0.147260257;
0159.out;20;0.143395753;0.178706231;0.152514936;0.147883504;0.153082669;0.229113184;0.15595399;0.146347312;0.142006043;0.208359905;
0159.out;21;0.137838779;0.144903955;0.180714523;0.146068344;0.14045679;0.146404225;0.227757996;0.147554153;0.161322496;0.161949941;
0159.out;22;0.213700421;0.164305777;0.188127708;0.177447608;0.194741308;0.145134406;0.138552528;0.195090252;0.147121705;0.148485758;
0159.out;23;0.14173827;0.198104789;0.138869749;0.144513025;0.143150839;0.189746004;0.156233891;0.153217955;0.215441407;0.142141795;
0159.out;24;0.156055687;0.151922012;0.209225732;0.148496021;0.145388184;0.137460913;0.173477675;0.137336824;0.13705179;0.194896654;
0159.out;25;0.155333542;0.155965186;0.142428228;0.195549757;0.138800241;0.138061301;0.136586222;0.173538787;0.149150056;0.15070864;
0165.out;0;0.038544737;0.038220052;0.04121033;0.04119167;0.058160685;0.039762774;0.043625412;0.042235702;0.042597708;0.042412039;
0165.out;1;0.040783014;0.040205018;0.041463174;0.038840966;0.038103426;0.038012458;0.037773143;0.057662927;0.038646435;0.041880227;
0165.out;2;0.040822667;0.038288628;0.037437727;0.037787604;0.038224717;0.039353186;0.03828443;0.038802713;0.038366534;0.044824323;
0165.out;3;0.068796933;0.040497049;0.039536055;0.040727034;0.039835082;0.041184672;0.038668826;0.040783481;0.038314285;0.041768734;
0165.out;4;0.040521773;0.038304022;0.038576926;0.062290161;0.038973919;0.037870642;0.039196907;0.046955304;0.040651927;0.043136984;
0165.out;5;0.041669368;0.038724341;0.038465432;0.038409918;0.039485205;0.039094277;0.07302904;0.044392341;0.040579619;0.038467298;
0165.out;6;0.038355804;0.044070922;0.041088573;0.041115164;0.039366714;0.041795324;0.042116744;0.043153312;0.041105367;0.064579754;
0165.out;7;0.041132425;0.039275746;0.042091552;0.038791051;0.038202325;0.038856827;0.039036897;0.039423161;0.038858227;0.040788613;
0165.out;8;0.042740924;0.039501533;0.074804081;0.041168345;0.040724235;0.044212738;0.04079561;0.039337324;0.044036866;0.042089687;
0165.out;9;0.039648948;0.045564661;0.040558627;0.039610695;0.039808491;0.058861371;0.042489945;0.039293007;0.038571328;0.039390973;
0175.out;0;0.057260802;0.059985174;0.058960736;0.070042494;0.052318213;0.052112485;0.055882755;0.058764805;0.078003353;0.059554126;
0175.out;1;0.055565533;0.055579528;0.053031028;0.076380392;0.056117406;0.05852269;0.05523525;0.055940601;0.082840979;0.058291306;
0175.out;2;0.053491932;0.059577452;0.056901596;0.052164733;0.072129624;0.053883327;0.054665184;0.058522223;0.058747077;0.082281176;
0175.out;3;0.059205183;0.062034518;0.057388624;0.056005911;0.080025639;0.056679074;0.063219901;0.05946689;0.05449911;0.056876871;
0175.out;4;0.077941774;0.056513466;0.058569807;0.059861552;0.059014384;0.059955785;0.080326999;0.058943009;0.056272284;0.059575119;
0175.out;5;0.059516807;0.075298106;0.061450458;0.059130076;0.059935259;0.059746326;0.059153868;0.080851814;0.059850822;0.057137646;
0175.out;6;0.062452038;0.06074324;0.05942164;0.078015481;0.065828113;0.058105638;0.057553299;0.060062147;0.061511103;0.083430171;
0175.out;7;0.056846081;0.058279177;0.056285813;0.059126811;0.058651445;0.079028257;0.062308355;0.061325901;0.063387841;0.07472151;
0175.out;8;0.065036926;0.090210313;0.067707651;0.066640761;0.06714365;0.060779628;0.05544471;0.089441984;0.069209788;0.058479772;
0175.out;9;0.056012442;0.05673972;0.055836105;0.067630678;0.056108076;0.055695688;0.058659375;0.057917171;0.056057227;0.058108436;
0175.out;10;0.072949268;0.059672618;0.064385689;0.063238094;0.061711232;0.06177701;0.090940855;0.064314315;0.064012953;0.063357052;
0175.out;11;0.062870491;0.055616849;0.066470954;0.053762503;0.054034007;0.054496777;0.056349257;0.058267047;0.055614983;0.071355697;
0175.out;12;0.056329664;0.053519455;0.055058912;0.055635509;0.05732518;0.076704144;0.057617676;0.059608707;0.056338061;0.055905147;
0175.out;13;0.05492456;0.055446576;0.070848143;0.053371108;0.055832839;0.052764188;0.05313879;0.054069928;0.067155312;0.057887315;
0175.out;14;0.058650978;0.055955063;0.056641288;0.054485115;0.056896464;0.07516422;0.056540523;0.05511116;0.055332749;0.054742157;
0175.out;15;0.053614622;0.054308311;0.072029793;0.05733311;0.058618324;0.057116653;0.060427418;0.056509733;0.060981156;0.069473827;
0175.out;16;0.056547521;0.059933393;0.063233896;0.06128485;0.05898546;0.054785076;0.070590634;0.057029883;0.057401686;0.056035768;
0175.out;17;0.059093689;0.056222835;0.069472428;0.058566541;0.055889286;0.056716395;0.055687757;0.055484362;0.05624616;0.068295444;
0175.out;18;0.056593705;0.057674123;0.057601348;0.056640354;0.059583983;0.056692603;0.073800168;0.063943445;0.07387994;0.069660895;
0175.out;19;0.06563265;0.076197056;0.07581779;0.07798889;0.07526965;0.074363236;0.072890956;0.065952203;0.080264022;0.071643995;
0175.out;20;0.074204159;0.092240997;0.068798333;0.065975062;0.064968817;0.067068543;0.067220156;0.075754812;0.07706475;0.068167622;
0175.out;21;0.06654746;0.061485912;0.059928728;0.06305989;0.064025083;0.084989688;0.063845013;0.060722248;0.061808731;0.057765091;

0003.out;0;4.89361E-4;1.95465E-4;1.94532E-4;1.98264E-4;2.00129E-4;1.98263E-4;1.96397E-4;1.95931E-4;1.94065E-4;1.91733E-4;
0003.out;1;2.01062E-4;1.91733E-4;1.90333E-4;1.90333E-4;1.90799E-4;1.908E-4;1.96397E-4;1.94531E-4;1.91266E-4;1.90799E-4;
0003.out;2;1.94532E-4;1.92666E-4;2.01996E-4;1.92199E-4;1.92198E-4;1.93132E-4;1.93132E-4;1.93132E-4;1.93132E-4;1.92199E-4;
0003.out;3;2.01062E-4;2.13658E-4;1.92666E-4;1.92199E-4;1.92198E-4;1.92199E-4;1.91266E-4;1.90799E-4;1.91266E-4;1.91266E-4;
0003.out;4;1.96864E-4;1.91266E-4;1.93132E-4;1.91733E-4;1.92199E-4;2.00129E-4;1.91266E-4;1.91732E-4;1.91732E-4;1.93131E-4;
0003.out;5;2.01529E-4;1.99196E-4;1.91732E-4;1.92666E-4;1.92199E-4;1.90333E-4;1.91733E-4;1.91732E-4;1.91266E-4;1.91266E-4;
0003.out;6;1.96864E-4;1.91266E-4;1.92198E-4;2.00596E-4;1.96398E-4;1.91732E-4;0.003519759;1.94998E-4;1.92665E-4;1.92199E-4;
0003.out;7;1.98264E-4;2.00596E-4;1.92665E-4;1.93132E-4;1.91733E-4;1.93599E-4;1.94064E-4;1.92665E-4;1.91733E-4;1.92199E-4;
0003.out;8;2.04328E-4;1.80536E-4;1.93132E-4;1.92199E-4;1.92199E-4;1.91265E-4;1.94531E-4;1.91732E-4;1.92199E-4;1.90799E-4;
0003.out;9;1.99663E-4;1.93599E-4;1.92199E-4;1.90799E-4;1.92665E-4;1.94998E-4;1.91265E-4;1.91732E-4;1.91732E-4;1.93132E-4;
0003.out;10;1.9873E-4;1.99663E-4;1.91732E-4;1.90332E-4;1.92665E-4;1.92198E-4;1.91265E-4;1.91732E-4;1.92665E-4;1.91266E-4;
0003.out;11;1.95931E-4;2.07593E-4;1.908E-4;1.91266E-4;1.91266E-4;1.90799E-4;1.92199E-4;1.97797E-4;1.92665E-4;1.91733E-4;
0003.out;12;1.99663E-4;1.92199E-4;2.00596E-4;1.93598E-4;1.93598E-4;1.94065E-4;1.91732E-4;1.92665E-4;1.93132E-4;1.92199E-4;
0003.out;13;2.0666E-4;1.93598E-4;1.94531E-4;2.07127E-4;1.94065E-4;1.93598E-4;1.93132E-4;1.93599E-4;1.93131E-4;1.92666E-4;
0003.out;14;1.99663E-4;1.92665E-4;1.94065E-4;1.93132E-4;1.92199E-4;2.01062E-4;1.92199E-4;1.93598E-4;2.09459E-4;1.94531E-4;
0003.out;15;2.05261E-4;1.93598E-4;1.92665E-4;1.92665E-4;1.92199E-4;1.92199E-4;1.91733E-4;1.91266E-4;1.92199E-4;1.92198E-4;
0003.out;16;2.08526E-4;1.93132E-4;1.96398E-4;1.92199E-4;1.92199E-4;1.92199E-4;1.92199E-4;1.94532E-4;1.94531E-4;1.92666E-4;
0003.out;17;1.99197E-4;1.92666E-4;1.93132E-4;1.92199E-4;1.93598E-4;2.00129E-4;1.93131E-4;1.91266E-4;1.92199E-4;1.92199E-4;
0003.out;18;2.03861E-4;1.91266E-4;1.91732E-4;1.91266E-4;1.90333E-4;1.90799E-4;1.90799E-4;1.90799E-4;1.908E-4;1.89867E-4;
0011.out;0;7.72527E-4;5.97123E-4;2.47712E-4;3.81599E-4;2.48179E-4;2.43514E-4;2.44914E-4;2.43048E-4;2.44447E-4;2.43048E-4;
0011.out;1;3.29351E-4;3.11156E-4;3.08357E-4;3.06492E-4;3.06958E-4;3.09758E-4;3.09291E-4;3.09757E-4;3.07424E-4;3.09758E-4;
0011.out;2;3.16288E-4;3.12557E-4;3.13956E-4;3.11624E-4;3.14422E-4;3.26085E-4;3.43812E-4;3.32149E-4;3.34015E-4;3.4008E-4;
0011.out;3;3.15356E-4;3.09758E-4;3.13023E-4;3.13023E-4;3.11157E-4;3.2142E-4;3.09291E-4;3.09758E-4;3.1069E-4;3.11157E-4;
0011.out;4;3.22353E-4;3.10224E-4;3.18621E-4;3.15355E-4;3.28884E-4;3.2142E-4;3.38214E-4;3.25152E-4;3.4008E-4;3.28884E-4;
0011.out;5;3.28417E-4;3.10224E-4;3.09291E-4;3.11156E-4;3.08358E-4;3.12557E-4;3.08358E-4;3.07892E-4;3.09758E-4;3.13023E-4;
0011.out;6;3.94194E-4;3.07891E-4;3.21887E-4;3.34482E-4;3.27018E-4;3.33082E-4;3.31683E-4;3.33082E-4;3.17221E-4;3.15355E-4;
0011.out;7;3.20487E-4;3.08358E-4;3.35881E-4;3.10224E-4;3.09758E-4;3.11623E-4;3.09758E-4;3.1209E-4;3.06025E-4;3.10691E-4;
0011.out;8;3.23286E-4;3.3075E-4;3.24219E-4;3.34949E-4;3.30283E-4;3.33549E-4;3.33549E-4;3.14422E-4;3.18154E-4;3.35881E-4;
0011.out;9;3.6014E-4;3.09757E-4;3.10224E-4;3.07891E-4;3.09291E-4;3.80199E-4;3.15355E-4;3.16288E-4;3.33549E-4;3.14422E-4;
0011.out;10;3.25618E-4;3.13023E-4;3.11157E-4;3.12557E-4;3.3075E-4;3.26085E-4;3.19087E-4;3.15822E-4;3.17688E-4;3.14422E-4;
0011.out;11;3.27951E-4;3.09291E-4;3.09758E-4;3.08824E-4;3.13023E-4;3.36815E-4;3.13023E-4;3.15822E-4;3.12556E-4;3.55008E-4;
0011.out;12;3.54541E-4;3.28418E-4;0.006405074;2.4398E-4;2.42114E-4;2.42114E-4;2.43515E-4;2.41648E-4;2.41649E-4;2.43047E-4;
0011.out;13;2.5611E-4;2.42115E-4;2.48646E-4;2.50511E-4;2.45846E-4;2.42114E-4;2.43514E-4;2.42114E-4;2.43047E-4;2.42114E-4;
0011.out;14;2.55176E-4;2.42582E-4;2.41181E-4;2.41182E-4;2.40248E-4;2.42115E-4;2.40715E-4;2.40248E-4;2.41182E-4;2.43047E-4;
0011.out;15;2.57976E-4;2.4678E-4;2.43047E-4;2.41648E-4;2.43047E-4;2.41182E-4;2.42114E-4;2.41181E-4;2.43514E-4;2.40716E-4;
0011.out;16;2.62641E-4;2.42582E-4;2.89698E-4;2.50978E-4;2.42581E-4;2.42115E-4;2.43514E-4;2.42581E-4;2.42115E-4;2.43048E-4;
0011.out;17;2.54244E-4;2.41648E-4;2.40715E-4;2.42581E-4;2.47246E-4;2.47246E-4;2.41648E-4;2.42582E-4;2.40715E-4;2.43048E-4;
0011.out;18;2.79901E-4;2.4538E-4;2.43514E-4;2.43048E-4;2.43048E-4;2.45846E-4;2.43047E-4;2.42581E-4;2.42581E-4;2.43514E-4;
0011.out;19;2.5471E-4;2.40715E-4;2.41181E-4;2.42114E-4;2.42581E-4;2.43048E-4;2.45847E-4;2.4398E-4;2.43048E-4;2.41648E-4;
0011.out;20;2.5331E-4;2.41182E-4;2.39782E-4;2.41181E-4;2.41182E-4;2.40248E-4;2.39782E-4;2.39315E-4;2.48645E-4;2.39782E-4;
0011.out;21;2.5471E-4;2.40715E-4;2.40715E-4;2.41181E-4;2.40249E-4;2.41648E-4;2.41181E-4;2.41181E-4;2.40715E-4;2.43048E-4;
0011.out;22;2.5471E-4;2.41648E-4;2.42115E-4;2.42115E-4;2.39782E-4;2.40716E-4;2.41181E-4;2.41648E-4;2.41182E-4;2.41182E-4;
0011.out;23;2.57509E-4;2.41648E-4;2.40249E-4;2.40715E-4;2.41182E-4;2.41648E-4;2.40248E-4;2.41182E-4;2.39782E-4;2.40248E-4;
0011.out;24;2.57509E-4;2.4538E-4;2.26254E-4;2.25787E-4;2.42581E-4;2.44914E-4;2.42581E-4;2.41181E-4;2.43047E-4;2.41182E-4;
0018.out;0;2.89697E-4;4.38978E-4;2.01996E-4;1.96864E-4;1.94532E-4;1.92665E-4;1.94065E-4;1.98264E-4;1.94065E-4;1.94532E-4;
0018.out;1;1.95931E-4;1.92666E-4;1.93132E-4;1.92199E-4;1.91733E-4;1.92199E-4;1.92199E-4;1.92665E-4;1.91733E-4;2.02462E-4;
0018.out;2;2.01062E-4;1.94065E-4;1.95464E-4;1.93599E-4;1.94065E-4;1.94064E-4;1.94065E-4;1.94998E-4;1.94532E-4;1.93131E-4;
0018.out;3;1.95931E-4;1.92665E-4;1.92666E-4;1.93598E-4;1.92666E-4;1.93132E-4;2.02929E-4;1.93599E-4;1.93132E-4;1.92665E-4;
0018.out;4;1.96864E-4;1.94064E-4;1.92665E-4;1.92665E-4;1.92199E-4;1.93598E-4;1.93598E-4;1.93132E-4;1.91732E-4;1.96864E-4;
0018.out;5;2.00596E-4;1.93598E-4;1.93598E-4;1.93132E-4;1.94065E-4;1.93132E-4;1.93598E-4;1.93599E-4;1.93598E-4;1.92666E-4;
0018.out;6;2.00129E-4;1.99663E-4;1.94531E-4;1.94065E-4;1.94531E-4;1.92665E-4;1.94065E-4;1.92665E-4;1.93598E-4;1.94064E-4;
0018.out;7;1.97331E-4;1.93598E-4;1.97797E-4;1.91733E-4;1.92665E-4;1.92199E-4;1.92199E-4;1.92666E-4;1.91732E-4;1.92199E-4;
0018.out;8;1.96398E-4;1.94531E-4;1.95931E-4;2.00596E-4;1.93598E-4;1.92666E-4;1.93132E-4;1.92666E-4;1.93132E-4;1.94065E-4;
0018.out;9;2.07127E-4;1.80536E-4;1.92199E-4;1.93599E-4;1.91266E-4;1.92666E-4;1.92665E-4;1.92666E-4;1.92199E-4;1.92665E-4;
0018.out;10;2.15057E-4;1.93598E-4;1.96864E-4;1.95465E-4;1.96398E-4;1.94531E-4;2.02462E-4;1.95465E-4;1.94998E-4;1.94065E-4;
0018.out;11;2.1739E-4;2.07127E-4;1.94065E-4;1.92665E-4;1.95931E-4;1.95464E-4;1.93598E-4;1.94532E-4;2.02929E-4;1.9593E-4;
0018.out;12;2.00596E-4;2.02462E-4;1.93132E-4;1.94998E-4;1.92665E-4;1.93132E-4;1.93132E-4;1.91732E-4;1.92199E-4;1.91266E-4;
0018.out;13;1.99662E-4;1.93132E-4;2.02929E-4;1.94065E-4;1.93599E-4;1.93132E-4;1.99662E-4;1.94998E-4;1.94997E-4;1.96398E-4;
0018.out;14;2.05261E-4;1.95931E-4;2.77568E-4;2.02462E-4;1.92665E-4;1.94531E-4;1.93132E-4;1.94531E-4;1.93132E-4;1.94065E-4;
0028.out;0;3.1209E-4;4.82829E-4;2.48645E-4;2.4398E-4;2.44914E-4;2.52844E-4;2.44447E-4;2.44914E-4;2.4538E-4;2.45847E-4;
0028.out;1;2.50512E-4;2.52378E-4;2.43048E-4;2.43514E-4;2.42581E-4;2.42582E-4;2.44447E-4;2.42581E-4;2.43981E-4;2.43048E-4;
0028.out;2;2.50978E-4;2.44447E-4;2.43514E-4;2.43514E-4;2.42581E-4;2.43047E-4;2.42581E-4;2.42581E-4;2.43047E-4;2.44447E-4;
0028.out;3;2.6404E-4;2.44447E-4;2.42581E-4;2.43981E-4;2.42581E-4;2.43514E-4;2.42581E-4;2.43514E-4;2.43048E-4;2.44447E-4;
0028.out;4;2.57976E-4;2.43981E-4;2.44447E-4;2.43514E-4;2.44913E-4;2.43981E-4;2.44447E-4;2.44448E-4;2.4398E-4;2.43514E-4;
0028.out;5;2.57509E-4;2.42581E-4;2.42581E-4;2.44913E-4;2.4398E-4;2.44448E-4;2.44447E-4;2.44447E-4;2.43514E-4;2.4398E-4;
0028.out;6;2.57042E-4;2.3605E-4;2.41182E-4;2.41648E-4;2.42115E-4;2.43048E-4;2.41181E-4;2.41648E-4;2.41181E-4;2.41648E-4;
0028.out;7;2.57042E-4;2.91098E-4;2.45847E-4;2.46314E-4;2.44447E-4;2.44914E-4;2.44913E-4;2.42581E-4;2.44447E-4;2.4538E-4;
0028.out;8;2.52844E-4;2.41648E-4;2.41648E-4;2.44914E-4;2.42114E-4;2.43981E-4;2.41182E-4;2.41181E-4;2.40715E-4;2.41182E-4;
0028.out;9;2.55643E-4;2.43048E-4;2.44447E-4;2.42581E-4;2.43981E-4;2.43514E-4;2.43048E-4;2.43047E-4;2.43048E-4;2.43981E-4;
0036.out;0;9.85718E-4;6.70364E-4;6.68497E-4;6.67098E-4;6.65699E-4;6.59634E-4;6.7083E-4;6.64766E-4;6.59167E-4;6.62899E-4;
0036.out;1;6.96021E-4;6.65232E-4;6.64299E-4;6.69897E-4;6.63832E-4;6.615E-4;6.83892E-4;6.61966E-4;6.67564E-4;6.643E-4;
0036.out;2;6.96488E-4;6.67098E-4;6.71763E-4;6.69431E-4;6.66165E-4;6.64299E-4;6.7083E-4;6.61967E-4;6.62899E-4;6.64299E-4;
0036.out;3;6.94155E-4;6.80161E-4;6.75028E-4;6.7876E-4;6.75028E-4;6.86224E-4;7.18413E-4;0.001082751;0.001112607;6.85758E-4;
0036.out;4;6.98353E-4;6.75962E-4;0.001050563;6.74562E-4;6.74096E-4;6.73163E-4;6.8949E-4;6.7083E-4;6.7083E-4;6.71297E-4;
0036.out;5;6.95555E-4;6.72696E-4;6.75029E-4;6.67098E-4;6.66165E-4;6.75028E-4;7.29143E-4;6.64299E-4;6.66632E-4;6.61033E-4;
0036.out;6;6.92756E-4;6.62433E-4;6.58234E-4;6.58701E-4;6.61967E-4;6.76895E-4;6.615E-4;6.61967E-4;6.62433E-4;6.615E-4;
0036.out;7;6.89024E-4;6.66631E-4;6.58701E-4;6.615E-4;6.64299E-4;6.63833E-4;6.69897E-4;6.58235E-4;6.62433E-4;6.69897E-4;
0036.out;8;6.88557E-4;6.58235E-4;6.57302E-4;6.58701E-4;6.55436E-4;6.59168E-4;6.85291E-4;6.59634E-4;6.57302E-4;6.55902E-4;
0036.out;9;6.89023E-4;6.615E-4;6.65699E-4;6.615E-4;6.60567E-4;6.64766E-4;6.629E-4;6.57768E-4;6.60101E-4;6.57768E-4;
0036.out;10;6.98354E-4;6.62433E-4;6.66631E-4;6.59634E-4;6.62899E-4;6.629E-4;6.67564E-4;6.629E-4;6.61966E-4;6.61034E-4;
0036.out;11;6.77828E-4;6.58235E-4;6.63832E-4;6.58701E-4;6.75495E-4;6.629E-4;6.71297E-4;6.63833E-4;6.58234E-4;6.61034E-4;
0036.out;12;6.58234E-4;6.60101E-4;6.60567E-4;6.57302E-4;6.61967E-4;6.58234E-4;6.67564E-4;6.61033E-4;6.54036E-4;6.615E-4;
0036.out;13;7.33341E-4;6.75028E-4;6.72696E-4;6.71763E-4;6.75495E-4;6.82027E-4;6.70363E-4;6.72696E-4;6.71297E-4;6.72696E-4;
0036.out;14;7.24011E-4;6.68498E-4;6.75961E-4;6.67565E-4;6.69897E-4;6.17182E-4;6.2138E-4;6.34909E-4;6.19981E-4;6.52637E-4;
0036.out;15;7.23079E-4;6.71763E-4;6.76894E-4;6.68964E-4;6.7083E-4;6.6943E-4;6.69897E-4;6.81093E-4;6.67565E-4;7.06285E-4;
0036.out;16;0.001095347;8.52299E-4;7.20279E-4;6.99287E-4;6.73162E-4;6.75962E-4;6.64766E-4;6.76428E-4;6.67098E-4;6.70364E-4;
0036.out;17;7.35674E-4;6.76894E-4;6.7876E-4;6.6943E-4;6.74096E-4;6.7083E-4;6.7876E-4;6.72229E-4;6.69897E-4;6.8949E-4;
0036.out;18;7.40339E-4;6.74096E-4;6.71763E-4;6.74096E-4;6.76894E-4;6.79227E-4;6.73629E-4;6.76428E-4;6.67564E-4;6.75029E-4;
0036.out;19;7.17013E-4;6.88557E-4;6.80627E-4;6.76428E-4;6.73629E-4;6.74095E-4;6.79694E-4;6.74562E-4;6.70364E-4;6.7223E-4;
0036.out;20;6.97887E-4;6.58701E-4;6.615E-4;6.59168E-4;6.61033E-4;6.58701E-4;6.59633E-4;6.64299E-4;6.57302E-4;6.61966E-4;
0036.out;21;6.95555E-4;6.63366E-4;6.61034E-4;6.67565E-4;6.59167E-4;6.63366E-4;6.66632E-4;6.67098E-4;6.60567E-4;6.63366E-4;
0043.out;0;3.83464E-4;5.19683E-4;2.96695E-4;3.06026E-4;3.05559E-4;3.03692E-4;3.06026E-4;3.03693E-4;3.03226E-4;4.70234E-4;
0043.out;1;3.22819E-4;3.03226E-4;3.03693E-4;3.0276E-4;3.03227E-4;3.04626E-4;3.0416E-4;3.06959E-4;3.06958E-4;3.0276E-4;
0043.out;2;3.1209E-4;3.04626E-4;3.03693E-4;3.03226E-4;3.02294E-4;3.04626E-4;3.03227E-4;3.02759E-4;3.04626E-4;3.09291E-4;
0043.out;3;3.25619E-4;3.07425E-4;3.01361E-4;2.98562E-4;3.01827E-4;3.04626E-4;3.05559E-4;3.03226E-4;3.04626E-4;3.0136E-4;
0043.out;4;3.93727E-4;4.14254E-4;3.95128E-4;3.96994E-4;3.88129E-4;3.84397E-4;3.8673E-4;3.82998E-4;3.85797E-4;3.92795E-4;
0043.out;5;4.24517E-4;4.08655E-4;4.31515E-4;4.03991E-4;3.85331E-4;4.02124E-4;3.90463E-4;3.83931E-4;3.85797E-4;3.83465E-4;
0043.out;6;3.92328E-4;4.01658E-4;4.04458E-4;3.92794E-4;3.92328E-4;3.85331E-4;3.92795E-4;4.0679E-4;4.33847E-4;4.12854E-4;
0043.out;7;4.01659E-4;3.8953E-4;3.84864E-4;3.84397E-4;3.81133E-4;3.85797E-4;3.82999E-4;3.8813E-4;3.82532E-4;3.89529E-4;
0043.out;8;4.15653E-4;4.02591E-4;4.3338E-4;3.84397E-4;3.82532E-4;3.81132E-4;3.81599E-4;3.84865E-4;3.89996E-4;3.81133E-4;
0051.out;0;3.07425E-4;4.71634E-4;2.44447E-4;2.44447E-4;2.43048E-4;2.42581E-4;2.49112E-4;2.52377E-4;2.43514E-4;2.42115E-4;
0051.out;1;2.50978E-4;2.43514E-4;2.44447E-4;2.44447E-4;2.43514E-4;2.43514E-4;2.43514E-4;2.43981E-4;2.57042E-4;2.56577E-4;
0051.out;2;2.49113E-4;2.43048E-4;2.42581E-4;2.56577E-4;2.42581E-4;2.42115E-4;2.43514E-4;2.42581E-4;2.41648E-4;2.43514E-4;
0051.out;3;2.50978E-4;2.53777E-4;2.41648E-4;2.42581E-4;2.43514E-4;2.43514E-4;2.43047E-4;2.41181E-4;2.42581E-4;2.40715E-4;
0051.out;4;2.59841E-4;2.43981E-4;2.4538E-4;2.43515E-4;2.43514E-4;2.45847E-4;2.44447E-4;2.43514E-4;2.43515E-4;2.65439E-4;
0051.out;5;2.51445E-4;2.43047E-4;2.43048E-4;2.53777E-4;2.43514E-4;2.44447E-4;2.41648E-4;2.42115E-4;2.43048E-4;2.42581E-4;
0051.out;6;2.51912E-4;2.45846E-4;2.43981E-4;2.4398E-4;2.42581E-4;2.43514E-4;2.50045E-4;0.007379131;2.58442E-4;2.51445E-4;
0051.out;7;2.36051E-4;2.2672E-4;2.41648E-4;2.40715E-4;2.41648E-4;2.43981E-4;2.42114E-4;2.4398E-4;2.43514E-4;2.41648E-4;
0051.out;8;2.52844E-4;2.41648E-4;2.5331E-4;2.43047E-4;2.43047E-4;2.43514E-4;2.46313E-4;2.49112E-4;2.46313E-4;2.4538E-4;
0051.out;9;2.50978E-4;2.43981E-4;2.41648E-4;2.43048E-4;2.42581E-4;2.42114E-4;2.4538E-4;2.42115E-4;2.48645E-4;2.48179E-4;
0051.out;10;2.6404E-4;2.47713E-4;2.57042E-4;2.44914E-4;2.47713E-4;2.46314E-4;2.4398E-4;2.49578E-4;2.4538E-4;2.42114E-4;
0051.out;11;2.50511E-4;2.42581E-4;2.41182E-4;2.43047E-4;2.43047E-4;2.42581E-4;2.41182E-4;2.42115E-4;2.42581E-4;2.41648E-4;
0051.out;12;2.50512E-4;2.43047E-4;2.42581E-4;2.42581E-4;2.43514E-4;2.41648E-4;2.43047E-4;2.43047E-4;2.42114E-4;2.43514E-4;
0051.out;13;2.52377E-4;2.43515E-4;2.42581E-4;2.43514E-4;2.43514E-4;2.54244E-4;2.43514E-4;2.42114E-4;2.43047E-4;2.43515E-4;
0051.out;14;2.51912E-4;2.43514E-4;2.42581E-4;2.42114E-4;2.43047E-4;2.41182E-4;2.42581E-4;2.42581E-4;2.43048E-4;2.41649E-4;
0051.out;15;2.57976E-4;2.42115E-4;2.43981E-4;2.43048E-4;2.42115E-4;2.43048E-4;2.43048E-4;2.41649E-4;2.42581E-4;2.43047E-4;
0051.out;16;2.53311E-4;2.43981E-4;2.44447E-4;2.43047E-4;2.43514E-4;2.4678E-4;2.44913E-4;2.4678E-4;2.48179E-4;2.43514E-4;
0051.out;17;2.57043E-4;2.42581E-4;2.42581E-4;2.43514E-4;2.48645E-4;2.44447E-4;2.42115E-4;2.43981E-4;2.44447E-4;2.44913E-4;
0051.out;18;2.50045E-4;2.42115E-4;2.42581E-4;2.42114E-4;2.43048E-4;2.42114E-4;2.43047E-4;2.42582E-4;2.43047E-4;2.42114E-4;
0051.out;19;2.50978E-4;2.43047E-4;2.42581E-4;2.42114E-4;2.43047E-4;2.45847E-4;2.43981E-4;2.42581E-4;2.43048E-4;2.42581E-4;
0051.out;20;2.52378E-4;2.43047E-4;2.42114E-4;2.43514E-4;2.42581E-4;2.55643E-4;2.43981E-4;2.42115E-4;2.41648E-4;2.42115E-4;
0051.out;21;2.5331E-4;2.42581E-4;2.42581E-4;2.4398E-4;2.43048E-4;2.43515E-4;2.42581E-4;2.43048E-4;2.43047E-4;2.43515E-4;
0051.out;22;2.71504E-4;2.44914E-4;2.46313E-4;2.44914E-4;2.46313E-4;2.4538E-4;2.4538E-4;2.45846E-4;2.44914E-4;2.4398E-4;
0051.out;23;2.53311E-4;2.42115E-4;2.4398E-4;2.42115E-4;2.42115E-4;2.42581E-4;2.41648E-4;2.44913E-4;2.46313E-4;2.44914E-4;
0051.out;24;2.5611E-4;2.50045E-4;2.46313E-4;2.42581E-4;2.42582E-4;2.43048E-4;2.42581E-4;2.25321E-4;2.43514E-4;2.41648E-4;
0051.out;25;2.61242E-4;2.44913E-4;2.4538E-4;2.43981E-4;2.44447E-4;2.44447E-4;2.42581E-4;2.4398E-4;2.43514E-4;2.4538E-4;
0051.out;26;2.50512E-4;2.43981E-4;2.44447E-4;2.45381E-4;2.43514E-4;2.43514E-4;2.44447E-4;2.43514E-4;2.43514E-4;2.42581E-4;
0051.out;27;2.52378E-4;2.43514E-4;2.43515E-4;2.43047E-4;2.41648E-4;2.5331E-4;2.41648E-4;2.43514E-4;2.43047E-4;2.41182E-4;
0051.out;28;2.50045E-4;2.42581E-4;2.43048E-4;2.41648E-4;2.43047E-4;2.42581E-4;2.46779E-4;2.42115E-4;2.41182E-4;2.26254E-4;
0051.out;29;2.44447E-4;2.27186E-4;2.27187E-4;2.44914E-4;2.41648E-4;2.42115E-4;2.43514E-4;2.42115E-4;2.42581E-4;2.43048E-4;
0059.out;0;4.26383E-4;3.79266E-4;3.82998E-4;3.89996E-4;3.78333E-4;3.83465E-4;3.82531E-4;3.51742E-4;3.53609E-4;3.82066E-4;
0059.out;1;4.02125E-4;3.75534E-4;3.86264E-4;3.78333E-4;3.84398E-4;3.87663E-4;3.73668E-4;3.68537E-4;3.63405E-4;3.96527E-4;
0059.out;2;4.03057E-4;3.84864E-4;3.80665E-4;3.93261E-4;3.93728E-4;3.93728E-4;3.82532E-4;4.03058E-4;3.9606E-4;3.74135E-4;
0059.out;3;3.64338E-4;3.55941E-4;3.61539E-4;3.55475E-4;3.67137E-4;3.56408E-4;3.79266E-4;3.82065E-4;3.83465E-4;3.89063E-4;
0059.out;4;3.82532E-4;3.85331E-4;3.76467E-4;3.98859E-4;3.74134E-4;3.73202E-4;3.76933E-4;3.74135E-4;3.77867E-4;3.79733E-4;
0059.out;5;3.92328E-4;3.80199E-4;3.94195E-4;3.83931E-4;3.93262E-4;3.93261E-4;3.96994E-4;3.90929E-4;3.774E-4;3.83931E-4;
0059.out;6;4.45976E-4;3.95128E-4;3.93728E-4;4.06323E-4;3.99326E-4;3.79266E-4;3.87664E-4;3.85798E-4;3.81132E-4;3.81133E-4;
0059.out;7;4.01192E-4;3.76467E-4;3.82532E-4;3.78333E-4;3.74601E-4;3.72269E-4;3.72735E-4;3.75067E-4;3.78333E-4;3.75068E-4;
0059.out;8;4.00259E-4;3.84864E-4;3.85798E-4;3.66671E-4;3.64805E-4;3.71802E-4;3.70403E-4;3.57808E-4;3.64805E-4;3.75067E-4;
0059.out;9;3.62939E-4;3.74135E-4;0.007409453;3.06958E-4;2.99494E-4;2.85966E-4;2.78502E-4;2.85499E-4;3.21886E-4;3.13489E-4;
0059.out;10;2.96696E-4;2.99494E-4;2.94363E-4;2.94363E-4;2.9343E-4;2.92963E-4;3.15822E-4;3.05093E-4;3.06025E-4;3.02294E-4;
0059.out;11;3.00894E-4;2.91098E-4;2.86432E-4;2.85966E-4;2.85033E-4;2.85966E-4;2.85966E-4;2.91564E-4;2.87365E-4;2.86898E-4;
0059.out;12;3.10224E-4;2.87832E-4;4.76299E-4;4.69301E-4;2.90165E-4;2.86899E-4;2.87366E-4;2.85965E-4;2.85033E-4;2.67772E-4;
0059.out;13;2.99961E-4;2.87365E-4;2.85499E-4;2.86899E-4;2.74304E-4;2.6684E-4;2.64507E-4;2.66839E-4;2.68239E-4;2.88298E-4;
0059.out;14;2.95295E-4;2.841E-4;2.841E-4;2.64507E-4;2.66839E-4;2.83634E-4;2.85966E-4;2.86432E-4;2.85499E-4;2.84566E-4;
0059.out;15;2.93897E-4;2.85499E-4;2.64507E-4;2.69172E-4;2.841E-4;2.84099E-4;2.86899E-4;2.78035E-4;2.85966E-4;2.87365E-4;
0059.out;16;2.95762E-4;2.66373E-4;2.67306E-4;2.82701E-4;2.841E-4;2.841E-4;2.91097E-4;2.81768E-4;2.84099E-4;2.75236E-4;
0059.out;17;2.99028E-4;2.98095E-4;2.85499E-4;2.86432E-4;2.87366E-4;2.86432E-4;2.85033E-4;2.85966E-4;2.86899E-4;2.86432E-4;
0059.out;18;2.93896E-4;2.85966E-4;2.85966E-4;2.86899E-4;2.84566E-4;2.85033E-4;2.96696E-4;2.85966E-4;2.85033E-4;2.84099E-4;
0059.out;19;3.01827E-4;2.841E-4;2.87366E-4;2.85033E-4;2.91564E-4;2.87832E-4;2.86898E-4;4.82363E-4;4.86095E-4;4.87029E-4;
0067.out;0;7.72061E-4;7.42672E-4;7.28209E-4;7.17014E-4;7.19813E-4;7.20745E-4;7.20746E-4;7.34274E-4;7.22145E-4;7.22612E-4;
0067.out;1;7.59932E-4;7.25411E-4;7.24945E-4;7.24944E-4;7.24478E-4;7.23078E-4;7.24945E-4;8.70959E-4;7.86989E-4;7.2681E-4;
0067.out;2;7.65063E-4;7.20279E-4;7.55267E-4;7.27277E-4;7.22612E-4;7.19813E-4;7.26344E-4;7.39872E-4;7.20279E-4;7.17014E-4;
0067.out;3;7.45004E-4;7.2681E-4;7.38007E-4;7.31009E-4;7.32408E-4;7.24944E-4;7.24011E-4;7.48736E-4;7.34274E-4;7.20279E-4;
0067.out;4;7.35674E-4;6.78294E-4;7.23545E-4;7.2961E-4;7.26344E-4;7.23078E-4;7.26344E-4;7.38473E-4;7.22612E-4;7.24478E-4;
0075.out;0;2.97161E-4;2.86899E-4;2.87365E-4;2.85499E-4;2.98561E-4;3.02294E-4;2.89231E-4;2.86899E-4;2.88765E-4;2.86433E-4;
0075.out;1;2.95762E-4;2.86433E-4;2.86433E-4;2.85966E-4;3.20021E-4;2.93897E-4;2.90164E-4;2.87365E-4;3.00894E-4;2.86432E-4;
0075.out;2;2.98094E-4;2.89232E-4;2.88765E-4;2.87832E-4;2.85966E-4;2.85966E-4;2.85966E-4;2.86899E-4;2.85966E-4;2.85499E-4;
0075.out;3;3.00894E-4;2.86432E-4;2.85032E-4;2.85499E-4;2.89231E-4;2.89231E-4;2.85966E-4;2.85966E-4;2.84566E-4;2.87832E-4;
0075.out;4;2.93429E-4;2.86898E-4;2.86433E-4;2.9343E-4;2.90164E-4;2.87365E-4;2.84566E-4;2.86899E-4;2.86899E-4;2.86432E-4;
0075.out;5;2.92964E-4;2.85966E-4;2.85966E-4;2.85499E-4;2.86433E-4;2.87366E-4;2.96228E-4;2.83166E-4;2.83633E-4;2.85033E-4;
0075.out;6;2.92963E-4;2.85966E-4;2.91098E-4;2.89698E-4;2.96695E-4;2.92963E-4;2.94829E-4;2.95762E-4;2.9203E-4;2.92497E-4;
0075.out;7;2.97162E-4;2.87365E-4;2.85032E-4;2.84567E-4;2.86899E-4;2.86899E-4;2.86898E-4;2.86432E-4;2.86899E-4;2.86899E-4;
0075.out;8;3.04625E-4;2.87366E-4;2.91097E-4;2.86899E-4;3.38681E-4;2.93896E-4;2.94363E-4;2.97162E-4;2.9483E-4;2.92497E-4;
0075.out;9;3.00894E-4;2.91098E-4;3.21886E-4;3.02293E-4;2.90164E-4;2.86898E-4;2.90165E-4;2.89232E-4;2.87832E-4;2.89698E-4;
0075.out;10;3.00894E-4;2.86899E-4;2.90631E-4;2.88764E-4;2.84566E-4;2.6544E-4;2.71971E-4;2.65906E-4;2.65907E-4;2.84566E-4;
0075.out;11;2.97629E-4;2.85033E-4;2.91098E-4;2.85966E-4;2.84566E-4;2.87831E-4;2.86898E-4;2.85033E-4;2.86899E-4;2.86899E-4;
0075.out;12;2.93897E-4;2.86899E-4;2.86899E-4;2.89698E-4;2.87365E-4;2.87365E-4;2.86433E-4;2.86899E-4;2.86432E-4;2.87366E-4;
0075.out;13;3.05093E-4;2.85033E-4;2.85499E-4;2.85499E-4;2.85966E-4;2.85966E-4;2.85499E-4;2.85033E-4;2.85033E-4;2.85499E-4;
0075.out;14;2.93896E-4;2.86433E-4;2.85966E-4;2.97628E-4;2.87365E-4;2.86432E-4;2.841E-4;2.85499E-4;2.841E-4;2.85499E-4;
0075.out;15;2.92497E-4;2.855E-4;2.83633E-4;2.83633E-4;2.85033E-4;2.86432E-4;2.98095E-4;2.85966E-4;2.841E-4;2.85966E-4;
0075.out;16;2.95763E-4;2.91564E-4;2.85033E-4;2.86898E-4;2.85499E-4;2.86899E-4;2.87365E-4;2.87366E-4;2.86432E-4;2.86898E-4;
0075.out;17;2.95762E-4;2.84566E-4;2.84566E-4;2.86899E-4;2.827E-4;2.84566E-4;2.85032E-4;2.85499E-4;2.90164E-4;2.92031E-4;
0075.out;18;3.02294E-4;2.81301E-4;2.87832E-4;2.91097E-4;2.87832E-4;2.87832E-4;2.86899E-4;2.85032E-4;2.88765E-4;2.85033E-4;
0075.out;19;2.94363E-4;2.82701E-4;2.85499E-4;2.96695E-4;2.85032E-4;2.84566E-4;2.85033E-4;2.85965E-4;2.85499E-4;2.85965E-4;
0075.out;20;2.92964E-4;2.85966E-4;2.86433E-4;2.841E-4;2.85499E-4;2.86432E-4;2.94829E-4;2.84566E-4;2.84566E-4;2.84566E-4;
0075.out;21;2.96229E-4;2.66839E-4;2.85499E-4;2.86432E-4;2.84566E-4;2.85499E-4;2.83167E-4;2.85966E-4;2.841E-4;2.85966E-4;
0075.out;22;3.08824E-4;2.87365E-4;2.84566E-4;2.85032E-4;2.85965E-4;2.87366E-4;2.86432E-4;2.855E-4;2.99961E-4;2.66839E-4;
0075.out;23;3.14889E-4;2.9483E-4;2.92963E-4;2.87832E-4;3.18154E-4;2.97628E-4;2.97628E-4;2.9343E-4;2.89232E-4;2.97162E-4;
0075.out;24;2.90631E-4;2.85966E-4;2.841E-4;2.93896E-4;2.88765E-4;2.88298E-4;2.86432E-4;2.86432E-4;2.84566E-4;2.88298E-4;
0075.out;25;2.93896E-4;2.89231E-4;2.85966E-4;2.89232E-4;2.88298E-4;2.85033E-4;2.95763E-4;2.86432E-4;2.86432E-4;2.85033E-4;
0075.out;26;2.95296E-4;2.86899E-4;2.85966E-4;2.86898E-4;2.85499E-4;2.91563E-4;2.85965E-4;2.84567E-4;2.97162E-4;2.85966E-4;
0075.out;27;2.93897E-4;2.83634E-4;2.83634E-4;2.83167E-4;2.83167E-4;2.85499E-4;2.841E-4;2.83633E-4;2.85966E-4;2.83633E-4;
0092.out;0;6.25579E-4;6.50771E-4;6.48905E-4;6.07386E-4;6.0272E-4;6.01788E-4;6.03654E-4;6.12517E-4;6.07386E-4;5.98056E-4;
0092.out;1;6.29778E-4;6.07386E-4;6.0412E-4;6.02721E-4;6.12984E-4;6.03187E-4;6.06452E-4;6.01321E-4;6.16716E-4;6.00855E-4;
0092.out;2;6.36775E-4;6.12984E-4;6.12517E-4;6.05053E-4;6.10185E-4;6.0552E-4;6.05987E-4;6.11118E-4;6.13916E-4;6.05986E-4;
0092.out;3;6.22314E-4;6.17182E-4;6.02254E-4;6.03188E-4;6.07853E-4;6.04587E-4;6.10185E-4;6.03187E-4;6.10651E-4;6.2418E-4;
0092.out;4;6.16716E-4;6.11118E-4;6.18581E-4;6.06919E-4;6.01321E-4;6.0552E-4;6.04586E-4;5.96189E-4;6.08319E-4;6.00388E-4;
0092.out;5;6.32111E-4;6.21847E-4;6.10651E-4;6.09719E-4;6.01321E-4;6.07853E-4;6.18582E-4;6.1625E-4;6.10185E-4;6.09252E-4;
0092.out;6;6.43773E-4;6.13916E-4;6.1485E-4;6.12051E-4;6.29778E-4;6.0552E-4;6.12984E-4;6.04587E-4;6.08785E-4;6.12051E-4;
0092.out;7;6.19982E-4;6.13917E-4;6.01787E-4;6.02255E-4;6.11584E-4;6.03653E-4;6.03187E-4;6.01787E-4;6.01788E-4;6.09252E-4;
0092.out;8;6.15783E-4;6.12983E-4;6.28845E-4;6.05053E-4;6.03187E-4;6.03187E-4;6.0552E-4;6.05053E-4;6.02721E-4;6.00388E-4;
0092.out;9;6.33976E-4;5.98523E-4;6.01788E-4;5.97123E-4;6.08318E-4;6.01321E-4;6.03654E-4;6.08785E-4;6.18115E-4;6.24647E-4;
0092.out;10;6.13917E-4;6.23246E-4;6.12983E-4;6.09718E-4;6.03654E-4;6.05987E-4;6.22781E-4;6.13451E-4;6.12984E-4;6.16716E-4;
0092.out;11;6.16249E-4;6.09718E-4;6.00855E-4;6.01787E-4;6.01788E-4;5.97589E-4;5.61669E-4;5.60735E-4;5.61202E-4;5.61202E-4;
0092.out;12;6.34443E-4;6.1345E-4;6.16716E-4;5.96656E-4;5.9619E-4;5.79862E-4;5.57936E-4;5.668E-4;6.0552E-4;6.16716E-4;
0092.out;13;5.80328E-4;5.63068E-4;5.62135E-4;5.63068E-4;6.19515E-4;6.02721E-4;6.14383E-4;6.09718E-4;6.04121E-4;6.00388E-4;
0092.out;14;6.17649E-4;6.03187E-4;6.08785E-4;6.0412E-4;5.96656E-4;6.11118E-4;5.96656E-4;5.9479E-4;6.00389E-4;6.02254E-4;
0092.out;15;6.22314E-4;6.00388E-4;5.99455E-4;5.98989E-4;6.01788E-4;6.05053E-4;5.98988E-4;6.02254E-4;6.10185E-4;6.27912E-4;
0100.out;0;6.33976E-4;6.25579E-4;6.17649E-4;6.14384E-4;6.15316E-4;6.1345E-4;6.18115E-4;6.18582E-4;6.2278E-4;6.17649E-4;
0100.out;1;5.9479E-4;6.31178E-4;6.26046E-4;6.29778E-4;6.18116E-4;6.17648E-4;6.2278E-4;6.18116E-4;6.30244E-4;6.17648E-4;
0100.out;2;6.00854E-4;6.23713E-4;6.22314E-4;6.18115E-4;6.09719E-4;6.1345E-4;6.1485E-4;5.77063E-4;6.3351E-4;6.18115E-4;
0110.out;0;5.41609E-4;5.12219E-4;0.006973274;5.21083E-4;5.12686E-4;5.15485E-4;5.14552E-4;5.17351E-4;5.22016E-4;5.14552E-4;
0110.out;1;5.27147E-4;5.14085E-4;5.16884E-4;5.0942E-4;5.29014E-4;5.33212E-4;5.14552E-4;5.10353E-4;5.2015E-4;5.22015E-4;
0110.out;2;5.15951E-4;5.28081E-4;5.14552E-4;5.11753E-4;5.14552E-4;5.21083E-4;5.12686E-4;5.16884E-4;5.18751E-4;5.13619E-4;
0110.out;3;5.46274E-4;5.15951E-4;5.11753E-4;5.16418E-4;5.16418E-4;5.15485E-4;5.13153E-4;5.02423E-4;5.27147E-4;5.14551E-4;
0110.out;4;5.42076E-4;5.63535E-4;5.2155E-4;5.19217E-4;5.16885E-4;5.14085E-4;5.15485E-4;5.17818E-4;5.17817E-4;5.16418E-4;
0110.out;5;5.52805E-4;5.17817E-4;5.1222E-4;5.15951E-4;5.16418E-4;5.17817E-4;5.16418E-4;5.17817E-4;5.23416E-4;5.26681E-4;
0110.out;6;5.37877E-4;5.31813E-4;5.24815E-4;5.22482E-4;5.21083E-4;5.23882E-4;5.36011E-4;5.24348E-4;5.24349E-4;5.22015E-4;
0110.out;7;5.53271E-4;5.26681E-4;5.25748E-4;5.34611E-4;5.25748E-4;5.23416E-4;5.23415E-4;5.19217E-4;5.35078E-4;5.24815E-4;
0110.out;8;5.9339E-4;5.49073E-4;5.25747E-4;5.2155E-4;5.26681E-4;5.24348E-4;5.25282E-4;5.22016E-4;4.8936E-4;4.89827E-4;
0110.out;9;5.48607E-4;5.27614E-4;5.24349E-4;5.26681E-4;5.06155E-4;5.24815E-4;5.19684E-4;4.9076E-4;5.01956E-4;4.89827E-4;
0110.out;10;5.43008E-4;5.33212E-4;5.21083E-4;5.23416E-4;5.22482E-4;5.2155E-4;5.17817E-4;5.2155E-4;5.22015E-4;5.24815E-4;
0110.out;11;5.02423E-4;5.1082E-4;5.11286E-4;5.08021E-4;5.1222E-4;4.99624E-4;5.10353E-4;5.10819E-4;4.8936E-4;4.80964E-4;
0125.out;0;0.001448489;0.001404172;0.001486743;0.001386445;0.001397174;0.001385977;0.001506802;0.002126783;0.001810961;0.001826822;
0125.out;1;0.001591705;0.001467615;0.001436826;0.001534325;0.001428896;0.00140837;0.001409769;0.001520797;0.001564182;0.001483477;
0125.out;2;0.001557184;0.001526861;0.001510068;0.001493739;0.001478345;0.001502137;0.001511934;0.001484876;0.001491874;0.001516132;
0125.out;3;0.001546921;0.001509601;0.001517531;0.001522196;0.001512866;0.001524062;0.001494672;0.001560916;0.001491407;0.00150307;
0125.out;4;0.001524529;0.001467616;0.00149234;0.0015124;0.001500738;0.001422831;0.001480211;0.001488608;0.001412568;0.0015138;
0125.out;5;0.001536658;0.001500738;0.001489542;0.001499337;0.001490475;0.001522663;0.001499805;0.001417699;0.001496072;0.001519397;
0125.out;6;0.001542256;0.001513799;0.001476946;0.00149374;0.001507735;0.001465283;0.001494673;0.001488141;0.001495606;0.001473214;
0125.out;7;0.001566981;0.001496072;0.001563715;0.001508201;0.001497472;0.001497472;0.001498405;0.001453154;0.00149514;0.001525462;
0125.out;8;0.001538524;0.001519397;0.001498871;0.001469948;0.001502137;0.001496072;0.001495606;0.001495606;0.001468549;0.001507268;
0125.out;9;0.001541323;0.001483477;0.00150167;0.001503536;0.001504003;0.001491407;0.001497472;0.001459218;0.001482077;0.001508202;
0125.out;10;0.001545055;0.001497939;0.001522197;0.001472747;0.001420499;0.001405571;0.001407437;0.001403705;0.001534325;0.001496072;
0125.out;11;0.00155905;0.001506802;0.001421432;0.001403705;0.001410703;0.001399506;0.001406504;0.001491874;0.001477879;0.001498872;
0125.out;12;0.001542256;0.001505869;0.001483477;0.001496539;0.001495139;0.001463884;0.001503536;0.001456886;0.001492807;0.00150307;
0125.out;13;0.001549253;0.001500737;0.001509134;0.001535725;0.001544588;0.001525928;0.001509134;0.001505869;0.001510534;0.001549253;
0125.out;14;0.001526861;0.001470881;0.001523129;0.001501671;0.001472281;0.001500271;0.00149234;0.00148161;0.001506802;0.001552985;
0125.out;15;0.001558584;0.001532926;0.001524995;0.001623427;0.001594505;0.00154832;0.001480678;0.001506802;0.001517531;0.001530594;
0125.out;16;0.001531993;0.001511933;0.00149094;0.001510067;0.001509134;0.00149234;0.001492806;0.001501204;0.001503536;0.001490474;
0125.out;17;0.001590305;0.002395021;0.0015124;0.001508668;0.001506802;0.001518464;0.001506802;0.001504469;0.001504003;0.001508668;
0125.out;18;0.001538991;0.001512867;0.001511467;0.001511933;0.00219116;0.001522196;0.001504935;0.001511467;0.001596836;0.001517065;
0125.out;19;0.001546921;0.001510534;0.001512866;0.001511933;0.001521263;0.001517065;0.001514266;0.001514732;0.001504936;0.001522197;
0125.out;20;0.001519397;0.001536192;0.001500737;0.001509135;0.00152173;0.001501204;0.002453334;0.001501204;0.001500737;0.001518464;
0125.out;21;0.002461265;0.001560916;0.001562315;0.00156045;0.001540857;0.001598703;0.001577711;0.001556251;0.001541789;0.001554385;
0125.out;22;0.001580976;0.001556251;0.00154832;0.001548787;0.001550186;0.001566514;0.001546921;0.001544588;0.001547854;0.001562316;
0125.out;23;0.00153246;0.001511934;0.001535725;0.001517065;0.00149234;0.001506335;0.001505869;0.001466683;0.001582842;0.001533859;
0125.out;24;0.001625293;0.00152966;0.001455953;0.001410702;0.001402772;0.001417234;0.001712995;0.001510068;0.001408837;0.001455953;
0125.out;25;0.001549254;0.001433561;0.001414901;0.001410702;0.001402772;0.001514733;0.001477879;0.001461084;0.001509601;0.001423765;
0125.out;26;0.001433095;0.00140977;0.001421898;0.001539924;0.001531993;0.001472281;0.001504469;0.001504936;0.00145362;0.001528261;
0125.out;27;0.001542723;0.001504003;0.001508201;0.001486276;0.001497005;0.001515199;0.001436826;0.001512866;0.001518931;0.001498871;
0132.out;0;2.18323E-4;2.2672E-4;2.25787E-4;2.24854E-4;2.2532E-4;2.26253E-4;2.24854E-4;2.25321E-4;2.2672E-4;2.2532E-4;
0132.out;1;2.32318E-4;2.28586E-4;2.24854E-4;2.24388E-4;2.24854E-4;2.2532E-4;2.2672E-4;2.24387E-4;2.24854E-4;2.2532E-4;
0132.out;2;2.51912E-4;2.30919E-4;2.23454E-4;2.25787E-4;2.25321E-4;2.29052E-4;2.24854E-4;2.25321E-4;2.2532E-4;2.44913E-4;
0132.out;3;2.33251E-4;2.28119E-4;2.38849E-4;2.38849E-4;2.42114E-4;2.27653E-4;2.4398E-4;2.29053E-4;2.29519E-4;2.32318E-4;
0132.out;4;2.36983E-4;2.28586E-4;2.29986E-4;2.32785E-4;2.32784E-4;2.45847E-4;2.3465E-4;2.29986E-4;2.31385E-4;2.2672E-4;
0132.out;5;2.44447E-4;2.27186E-4;2.34184E-4;2.29519E-4;2.26253E-4;2.26253E-4;2.28586E-4;2.2812E-4;2.30452E-4;2.31385E-4;
0132.out;6;2.33718E-4;2.29053E-4;2.25787E-4;2.29053E-4;2.27187E-4;2.26253E-4;2.2812E-4;2.25787E-4;2.25321E-4;2.24854E-4;
0132.out;7;2.48179E-4;2.29519E-4;2.26254E-4;2.41648E-4;2.29052E-4;2.25787E-4;2.26253E-4;2.2672E-4;2.27187E-4;2.26254E-4;
0132.out;8;2.32318E-4;2.2532E-4;2.26254E-4;2.23921E-4;2.25787E-4;2.32784E-4;2.25787E-4;2.2532E-4;2.24388E-4;2.26253E-4;
0132.out;9;2.40715E-4;2.2672E-4;2.27653E-4;2.23921E-4;2.27187E-4;2.24387E-4;2.26253E-4;2.25321E-4;2.2672E-4;2.24854E-4;
0132.out;10;2.35117E-4;2.26254E-4;2.27653E-4;2.2672E-4;2.23921E-4;2.27186E-4;2.24388E-4;2.25321E-4;2.29052E-4;2.2532E-4;
0132.out;11;2.40248E-4;2.28586E-4;2.2672E-4;2.25787E-4;2.27186E-4;2.24854E-4;2.26254E-4;2.25321E-4;2.26253E-4;2.2672E-4;
0132.out;12;2.34184E-4;2.27653E-4;2.24854E-4;2.26253E-4;2.27187E-4;2.26254E-4;2.27186E-4;2.26721E-4;2.29053E-4;2.29052E-4;
0132.out;13;2.42114E-4;2.27653E-4;2.2532E-4;2.27186E-4;2.26253E-4;2.43048E-4;2.24387E-4;2.23921E-4;2.48179E-4;2.25321E-4;
0132.out;14;2.36516E-4;2.25787E-4;2.31385E-4;2.25321E-4;2.26254E-4;2.2672E-4;2.28586E-4;2.24388E-4;2.24854E-4;2.27653E-4;
0132.out;15;2.50512E-4;2.37449E-4;2.24388E-4;2.28586E-4;2.30919E-4;2.35583E-4;2.34651E-4;2.31385E-4;2.29519E-4;2.30452E-4;
0132.out;16;2.41181E-4;2.36983E-4;2.2812E-4;2.24854E-4;2.30452E-4;2.25321E-4;2.23921E-4;2.25787E-4;2.24854E-4;2.2532E-4;
0132.out;17;2.43048E-4;2.24854E-4;2.25787E-4;2.2532E-4;2.26253E-4;2.25321E-4;2.24854E-4;2.23921E-4;2.24388E-4;2.24387E-4;
0132.out;18;2.29986E-4;2.39783E-4;2.26253E-4;2.25321E-4;2.24854E-4;2.25321E-4;2.26253E-4;2.25321E-4;2.25321E-4;2.24854E-4;
0132.out;19;2.47712E-4;2.29519E-4;2.2812E-4;2.2812E-4;2.29519E-4;2.25787E-4;2.23921E-4;2.22988E-4;2.2532E-4;2.25787E-4;
0132.out;20;2.30919E-4;2.24387E-4;2.2532E-4;2.23921E-4;2.25787E-4;2.26254E-4;2.23921E-4;2.25787E-4;2.2532E-4;2.25321E-4;
0132.out;21;2.40249E-4;2.25787E-4;2.24388E-4;2.26254E-4;2.23455E-4;2.25787E-4;2.25321E-4;2.2532E-4;2.24854E-4;2.24854E-4;
0132.out;22;2.3465E-4;2.27653E-4;2.24388E-4;2.24388E-4;2.25787E-4;2.24854E-4;2.22988E-4;2.24854E-4;2.24388E-4;2.25321E-4;
0159.out;0;0.001024905;9.98315E-4;9.91783E-4;9.78255E-4;9.96915E-4;9.98314E-4;9.9365E-4;0.00100158;9.77789E-4;9.96915E-4;
0159.out;1;0.001026305;9.8432E-4;9.90384E-4;9.88985E-4;9.7499E-4;9.88051E-4;9.90384E-4;0.00100018;9.84786E-4;9.86652E-4;
0159.out;2;0.001014642;9.83853E-4;9.93183E-4;9.95049E-4;9.89918E-4;9.82454E-4;9.88984E-4;9.48865E-4;9.86185E-4;9.91784E-4;
0159.out;3;0.001027704;9.33004E-4;9.27873E-4;9.28339E-4;9.30672E-4;9.46999E-4;9.9225E-4;0.001004845;9.85253E-4;9.91784E-4;
0159.out;4;0.001026304;9.95516E-4;9.85252E-4;9.9225E-4;9.83853E-4;9.86652E-4;9.81054E-4;9.98314E-4;9.89918E-4;9.90384E-4;
0159.out;5;0.001036568;9.94116E-4;9.9085E-4;9.98781E-4;9.9225E-4;9.91317E-4;9.90384E-4;9.94116E-4;9.86652E-4;9.89451E-4;
0159.out;6;0.001017908;9.96915E-4;9.87119E-4;9.97848E-4;9.93183E-4;9.95049E-4;9.92716E-4;0.001005779;9.9085E-4;9.9365E-4;
0159.out;7;0.001019307;9.86185E-4;9.9085E-4;9.90851E-4;9.89917E-4;9.80121E-4;9.86652E-4;0.001002046;9.9085E-4;9.87585E-4;
0159.out;8;0.001024906;9.9225E-4;9.8292E-4;9.86652E-4;9.88052E-4;9.89918E-4;9.88984E-4;9.99247E-4;9.88051E-4;9.85252E-4;
0159.out;9;0.001038434;9.92716E-4;9.92716E-4;9.91783E-4;9.84786E-4;9.83853E-4;0.021987177;0.001003446;9.99715E-4;9.98781E-4;
0159.out;10;0.001026771;0.001000647;0.001016041;0.001011843;9.90384E-4;9.97382E-4;9.90851E-4;9.94116E-4;0.001000647;9.95049E-4;
0159.out;11;0.001181183;0.001138265;0.001110275;0.001129402;0.001126137;9.86185E-4;9.86652E-4;9.83853E-4;9.97381E-4;9.83853E-4;
0159.out;12;0.001046364;9.93183E-4;9.97382E-4;9.96448E-4;9.86652E-4;9.97848E-4;0.00100951;0.001000181;0.001011843;0.001000647;
0159.out;13;0.00103097;0.001009045;0.001007645;9.96448E-4;0.001000647;9.89917E-4;9.97381E-4;0.001007644;0.001002047;0.001017908;
0159.out;14;0.001029104;0.001028637;0.001316002;0.001003913;0.00100298;0.001005778;0.00101091;9.97382E-4;0.001003913;0.001025372;
0159.out;15;0.001035168;0.001017907;0.00101231;0.001024905;0.001008578;0.001006245;0.001001113;9.94582E-4;0.001003912;0.001016508;
0159.out;16;0.001067357;0.001014176;0.001004845;0.00100298;0.001003913;0.001013709;9.97382E-4;0.001000647;0.001000647;9.99714E-4;
0159.out;17;0.001053828;0.001021639;0.001030503;0.001014642;0.001011376;0.001021173;0.001007178;0.001045898;0.001018841;0.001013709;
0159.out;18;0.001050563;0.001034702;0.001048696;0.001007645;9.98314E-4;0.001007644;0.001002513;0.001036101;0.001016974;0.001025838;
0159.out;19;0.001044965;0.001002979;0.001002047;0.001013243;0.001002513;9.95982E-4;9.88984E-4;9.88518E-4;0.001004846;9.96915E-4;
0159.out;20;0.00106036;0.001007178;0.001004379;0.001004379;0.001027704;0.00101091;0.001024905;0.001005779;0.001014175;9.95982E-4;
0159.out;21;0.0010417;0.001010911;9.95049E-4;9.86185E-4;9.86652E-4;9.81054E-4;9.83853E-4;9.89918E-4;0.001011377;0.001006245;
0159.out;22;0.001025371;0.001005312;9.98315E-4;0.001005779;0.001002513;9.9365E-4;9.94582E-4;9.85252E-4;9.9225E-4;9.98315E-4;
0159.out;23;9.67059E-4;0.001023972;0.001005779;9.32071E-4;0.00101091;0.001000647;9.99248E-4;9.96448E-4;0.001000647;9.97382E-4;
0159.out;24;0.00102024;9.95515E-4;0.001005779;9.83387E-4;9.9225E-4;9.84786E-4;9.95982E-4;9.89451E-4;9.79654E-4;9.88518E-4;
0159.out;25;0.001042165;9.99714E-4;0.00100298;9.92717E-4;9.94583E-4;9.90851E-4;9.9085E-4;9.91317E-4;9.92716E-4;9.90384E-4;
0165.out;0;2.84566E-4;2.78502E-4;2.76636E-4;2.77569E-4;2.76169E-4;2.77568E-4;2.75703E-4;2.78502E-4;2.77102E-4;2.77569E-4;
0165.out;1;2.82234E-4;2.5611E-4;2.57043E-4;2.82701E-4;2.88765E-4;2.76636E-4;2.58443E-4;2.57976E-4;2.71505E-4;2.73837E-4;
0165.out;2;2.90164E-4;2.80834E-4;2.80835E-4;2.79901E-4;2.79901E-4;2.79435E-4;2.80368E-4;2.78502E-4;2.83167E-4;2.78968E-4;
0165.out;3;2.89231E-4;2.78036E-4;2.80834E-4;2.7337E-4;2.74303E-4;2.7337E-4;2.7617E-4;2.79435E-4;2.91097E-4;2.78502E-4;
0165.out;4;2.73371E-4;2.76169E-4;2.73836E-4;2.74304E-4;2.73837E-4;2.76636E-4;2.74303E-4;2.74303E-4;2.76169E-4;2.76169E-4;
0165.out;5;2.97161E-4;2.78968E-4;2.82234E-4;2.80834E-4;2.77102E-4;2.76636E-4;2.76169E-4;2.75236E-4;2.65906E-4;2.76636E-4;
0165.out;6;2.841E-4;2.76635E-4;2.79435E-4;2.76169E-4;2.82234E-4;2.77102E-4;2.77103E-4;2.75703E-4;2.75237E-4;2.76169E-4;
0165.out;7;2.88765E-4;2.74304E-4;2.72438E-4;2.76636E-4;2.75703E-4;2.75236E-4;2.74303E-4;2.71037E-4;2.7617E-4;2.77102E-4;
0165.out;8;2.85032E-4;2.76635E-4;2.76169E-4;2.76169E-4;2.75703E-4;2.69639E-4;2.74304E-4;2.7617E-4;2.75703E-4;2.76636E-4;
0165.out;9;2.85033E-4;2.76636E-4;2.77102E-4;2.77102E-4;2.75703E-4;2.76169E-4;2.78035E-4;2.75703E-4;2.73371E-4;2.76636E-4;
0175.out;0;4.11455E-4;4.1472E-4;4.17053E-4;4.21252E-4;4.10056E-4;4.15187E-4;6.84358E-4;6.7083E-4;4.2405E-4;4.12388E-4;
0175.out;1;4.26382E-4;4.11455E-4;4.14253E-4;4.20318E-4;4.12388E-4;4.12854E-4;4.14254E-4;4.15187E-4;4.10055E-4;4.08656E-4;
0175.out;2;4.90293E-4;4.13321E-4;4.11921E-4;4.15653E-4;4.10522E-4;4.10522E-4;4.11921E-4;4.0679E-4;4.13788E-4;4.10522E-4;
0175.out;3;4.50641E-4;4.18452E-4;4.11921E-4;4.2545E-4;4.1612E-4;4.12388E-4;4.11921E-4;4.12388E-4;4.14721E-4;4.26383E-4;
0175.out;4;4.31981E-4;6.95089E-4;4.22651E-4;4.20785E-4;4.13788E-4;4.11455E-4;4.2545E-4;4.08656E-4;4.08656E-4;4.14721E-4;
0175.out;5;4.27783E-4;4.11921E-4;4.10988E-4;4.09123E-4;6.46105E-4;4.71167E-4;4.15187E-4;4.1612E-4;4.09589E-4;4.19386E-4;
0175.out;6;4.2405E-4;4.13321E-4;4.27782E-4;4.16586E-4;4.15653E-4;4.13787E-4;4.08655E-4;4.07722E-4;4.12855E-4;4.12854E-4;
0175.out;7;4.27782E-4;4.14721E-4;4.13787E-4;4.11921E-4;4.12854E-4;4.09122E-4;4.14254E-4;4.10521E-4;4.13787E-4;4.11921E-4;
0175.out;8;4.39445E-4;4.10521E-4;4.10988E-4;4.0819E-4;4.10522E-4;4.08656E-4;4.10521E-4;4.0679E-4;4.09588E-4;4.0819E-4;
0175.out;9;4.23584E-4;4.1332E-4;4.12388E-4;4.22184E-4;4.09589E-4;4.11455E-4;4.11455E-4;4.09589E-4;4.10522E-4;4.0679E-4;
0175.out;10;4.12388E-4;4.12855E-4;4.11921E-4;4.08189E-4;4.10988E-4;3.96993E-4;4.07257E-4;4.20318E-4;4.09122E-4;4.09122E-4;
0175.out;11;4.2545E-4;4.10989E-4;4.09589E-4;4.10055E-4;4.11455E-4;4.10055E-4;4.07723E-4;4.07256E-4;4.11454E-4;4.18919E-4;
0175.out;12;4.25916E-4;4.10988E-4;4.0819E-4;4.11921E-4;4.11922E-4;4.16586E-4;4.11455E-4;4.12388E-4;4.11921E-4;4.10056E-4;
0175.out;13;4.34314E-4;4.09122E-4;4.16586E-4;4.10988E-4;4.10988E-4;4.20319E-4;4.10989E-4;4.10056E-4;4.10055E-4;4.0679E-4;
0175.out;14;4.27316E-4;4.09123E-4;4.08656E-4;4.24517E-4;4.16587E-4;4.13321E-4;4.12855E-4;4.10988E-4;4.08656E-4;4.12855E-4;
0175.out;15;4.0819E-4;4.08189E-4;4.10055E-4;4.09589E-4;4.11455E-4;4.08656E-4;4.21251E-4;4.12388E-4;3.84865E-4;3.89995E-4;
0175.out;16;4.24517E-4;4.12388E-4;4.11455E-4;4.07722E-4;4.06789E-4;4.10989E-4;3.82999E-4;3.80665E-4;3.80665E-4;3.92795E-4;
0175.out;17;4.24051E-4;4.16586E-4;4.09589E-4;4.09122E-4;4.0679E-4;4.10522E-4;4.09122E-4;4.08656E-4;4.10056E-4;4.08655E-4;
0175.out;18;4.37579E-4;4.16587E-4;4.14254E-4;4.11922E-4;4.15187E-4;4.11455E-4;4.13788E-4;4.11921E-4;4.11455E-4;3.83931E-4;
0175.out;19;4.54373E-4;4.37579E-4;4.2685E-4;4.18918E-4;4.10522E-4;4.09122E-4;4.07257E-4;4.07256E-4;4.11922E-4;4.10522E-4;
0175.out;20;3.96527E-4;3.81132E-4;4.11455E-4;4.18918E-4;3.83465E-4;3.83464E-4;3.94194E-4;4.19852E-4;4.10055E-4;4.10522E-4;
0175.out;21;3.96993E-4;4.08656E-4;0.008715192;4.2545E-4;4.10522E-4;4.10522E-4;3.82532E-4;3.82999E-4;3.80666E-4;3.82998E-4;
